timestamp,frame_number,bicycle,car,motorcycle,bus,truck,total_vehicles,density_level,rolling_avg_5,hour_of_day,day_of_week,events
2026-04-08T16:01:26.058367,30,0,6,0,0,1,7,medium,7.0,16,Wednesday,RUSH_HOUR_START|SESSION_PEAK
2026-04-08T16:01:26.785089,60,0,5,0,0,2,7,medium,7.0,16,Wednesday,
2026-04-08T16:01:27.269987,90,0,4,0,0,1,5,medium,6.33,16,Wednesday,
2026-04-08T16:01:28.309475,120,0,3,0,0,1,4,medium,5.75,16,Wednesday,
2026-04-08T16:01:28.793277,150,0,2,0,0,1,3,medium,5.2,16,Wednesday,HEAVY_VEHICLE_PEAK|SUSTAINED_FLOW
2026-04-08T16:01:29.536638,180,0,2,0,0,1,3,medium,4.4,16,Wednesday,HEAVY_VEHICLE_PEAK|SUSTAINED_FLOW
2026-04-08T16:01:29.994503,210,0,1,0,0,1,2,low,3.4,16,Wednesday,HEAVY_VEHICLE_PEAK|QUIET_PERIOD
2026-04-08T16:01:30.870400,240,0,1,0,0,1,2,low,2.8,16,Wednesday,HEAVY_VEHICLE_PEAK|QUIET_PERIOD|DEAD_ZONE
2026-04-08T16:01:31.344137,270,0,2,0,0,1,3,medium,2.6,16,Wednesday,HEAVY_VEHICLE_PEAK
2026-04-08T16:01:32.058739,300,0,2,0,0,0,2,low,2.4,16,Wednesday,QUIET_PERIOD
2026-04-08T16:01:32.539314,330,0,3,0,0,0,3,medium,2.4,16,Wednesday,
2026-04-08T16:01:33.159650,360,0,1,0,0,0,1,low,2.2,16,Wednesday,QUIET_PERIOD
2026-04-08T16:01:33.653681,390,0,3,0,0,0,3,medium,2.4,16,Wednesday,
2026-04-08T16:01:35.921235,420,0,2,0,0,0,2,low,2.2,16,Wednesday,QUIET_PERIOD
2026-04-08T16:01:36.471879,450,0,1,0,0,0,1,low,2.0,16,Wednesday,QUIET_PERIOD|DEAD_ZONE
2026-04-08T16:01:36.987842,480,0,1,0,0,0,1,low,1.6,16,Wednesday,QUIET_PERIOD|DEAD_ZONE
2026-04-08T16:01:37.539884,510,0,2,0,0,0,2,low,1.8,16,Wednesday,QUIET_PERIOD|DEAD_ZONE
2026-04-08T16:01:38.582569,540,0,2,0,0,0,2,low,1.6,16,Wednesday,QUIET_PERIOD|DEAD_ZONE
2026-04-08T16:01:39.147329,570,0,2,0,0,0,2,low,1.6,16,Wednesday,QUIET_PERIOD|DEAD_ZONE
2026-04-08T16:01:40.928699,600,0,2,0,0,0,2,low,1.8,16,Wednesday,QUIET_PERIOD|DEAD_ZONE
2026-04-08T16:01:41.485092,630,0,2,0,0,0,2,low,2.0,16,Wednesday,QUIET_PERIOD|DEAD_ZONE
2026-04-08T16:01:43.047264,660,0,2,0,0,0,2,low,2.0,16,Wednesday,QUIET_PERIOD|DEAD_ZONE
2026-04-08T16:01:43.580540,690,0,2,0,0,0,2,low,2.0,16,Wednesday,QUIET_PERIOD|DEAD_ZONE
2026-04-08T16:01:45.428612,720,0,2,0,0,0,2,low,2.0,16,Wednesday,QUIET_PERIOD|DEAD_ZONE
2026-04-08T16:01:45.976082,750,0,2,0,0,0,2,low,2.0,16,Wednesday,QUIET_PERIOD|DEAD_ZONE
2026-04-08T16:01:48.102235,780,0,2,0,0,0,2,low,2.0,16,Wednesday,QUIET_PERIOD|DEAD_ZONE
2026-04-08T16:01:48.655097,810,0,3,0,0,0,3,medium,2.2,16,Wednesday,
2026-04-08T16:01:49.209187,840,0,3,0,0,0,3,medium,2.4,16,Wednesday,
2026-04-08T16:01:49.808315,870,0,3,0,0,0,3,medium,2.6,16,Wednesday,
2026-04-08T16:01:50.896761,900,0,3,0,0,0,3,medium,2.8,16,Wednesday,
2026-04-08T16:01:51.482649,930,0,3,0,0,0,3,medium,3.0,16,Wednesday,SUSTAINED_FLOW
2026-04-08T16:01:53.344735,960,0,3,0,0,0,3,medium,3.0,16,Wednesday,SUSTAINED_FLOW
2026-04-08T16:01:53.908563,990,0,4,0,0,0,4,medium,3.2,16,Wednesday,SUSTAINED_FLOW
2026-04-08T16:01:54.463066,1020,0,5,0,0,0,5,medium,3.6,16,Wednesday,SUSTAINED_FLOW
2026-04-08T16:01:55.061581,1050,0,5,0,0,0,5,medium,4.0,16,Wednesday,SUSTAINED_FLOW
2026-04-08T16:01:56.019543,1080,0,6,0,0,0,6,medium,4.6,16,Wednesday,SUSTAINED_FLOW
2026-04-08T16:01:56.541826,1110,0,3,0,0,0,3,medium,4.6,16,Wednesday,SUSTAINED_FLOW
2026-04-08T16:01:58.264208,1140,0,3,0,0,0,3,medium,4.4,16,Wednesday,SUSTAINED_FLOW
2026-04-08T16:01:58.722377,1170,0,3,0,0,0,3,medium,4.0,16,Wednesday,SUSTAINED_FLOW
2026-04-08T16:02:00.451683,1200,0,4,0,0,1,5,medium,4.0,16,Wednesday,SUSTAINED_FLOW
2026-04-08T16:02:00.918266,1230,0,5,0,0,0,5,medium,3.8,16,Wednesday,SUSTAINED_FLOW
2026-04-08T16:02:02.626707,1260,0,4,0,0,0,4,medium,4.0,16,Wednesday,SUSTAINED_FLOW
2026-04-08T16:02:03.162687,1290,0,5,0,0,0,5,medium,4.4,16,Wednesday,SUSTAINED_FLOW
2026-04-08T16:02:04.949571,1320,0,5,0,0,0,5,medium,4.8,16,Wednesday,SUSTAINED_FLOW
2026-04-08T16:02:05.454426,1350,0,6,0,0,0,6,medium,5.0,16,Wednesday,SUSTAINED_FLOW
2026-04-08T16:02:07.415456,1380,0,5,0,0,3,8,medium,5.6,16,Wednesday,HEAVY_VEHICLE_PEAK|SESSION_PEAK
2026-04-08T16:02:07.891070,1410,0,6,0,0,2,8,medium,6.4,16,Wednesday,
2026-04-08T16:02:08.402125,1440,0,4,0,1,2,7,medium,6.8,16,Wednesday,HEAVY_VEHICLE_PEAK|MIXED_TRAFFIC
2026-04-08T16:02:08.887968,1470,0,7,0,0,0,7,medium,7.2,16,Wednesday,
2026-04-08T16:02:09.802464,1500,0,6,0,0,0,6,medium,7.2,16,Wednesday,
2026-04-08T16:02:10.240063,1530,0,6,0,0,0,6,medium,6.8,16,Wednesday,
2026-04-08T16:02:12.056982,1560,0,8,0,0,0,8,medium,6.8,16,Wednesday,
2026-04-08T16:02:12.573728,1590,0,9,0,0,0,9,medium,7.2,16,Wednesday,SESSION_PEAK
2026-04-08T16:02:14.421816,1620,0,10,0,0,0,10,medium,7.8,16,Wednesday,TRAFFIC_JAM|SESSION_PEAK
2026-04-08T16:02:14.861572,1650,0,8,0,0,0,8,medium,8.2,16,Wednesday,TRAFFIC_JAM
2026-04-08T16:02:16.524669,1680,0,11,0,0,0,11,high,9.2,16,Wednesday,TRAFFIC_JAM|SESSION_PEAK
2026-04-08T16:02:17.001192,1710,0,12,0,0,0,12,high,10.0,16,Wednesday,TRAFFIC_JAM|SESSION_PEAK
2026-04-08T16:02:18.690954,1740,0,9,0,0,0,9,medium,10.0,16,Wednesday,TRAFFIC_JAM
2026-04-08T16:02:19.202533,1770,0,7,0,0,1,8,medium,9.6,16,Wednesday,TRAFFIC_JAM
2026-04-08T16:02:20.925285,1800,0,4,0,0,0,4,medium,8.8,16,Wednesday,
2026-04-08T16:02:21.386308,1830,0,5,0,0,1,6,medium,7.8,16,Wednesday,
2026-04-08T16:02:23.057321,1860,0,6,0,0,1,7,medium,6.8,16,Wednesday,
2026-04-08T16:02:23.547332,1890,0,7,0,0,0,7,medium,6.4,16,Wednesday,
2026-04-08T16:02:25.309345,1920,0,7,0,0,1,8,medium,6.4,16,Wednesday,
2026-04-08T16:02:25.782880,1950,0,6,0,0,0,6,medium,6.8,16,Wednesday,
2026-04-08T16:02:27.927730,1980,0,6,0,0,0,6,medium,6.8,16,Wednesday,
2026-04-08T16:02:28.399442,2010,0,5,0,0,0,5,medium,6.4,16,Wednesday,
2026-04-08T16:02:28.899296,2040,0,5,0,0,0,5,medium,6.0,16,Wednesday,
2026-04-08T16:02:29.359073,2070,0,2,0,0,1,3,medium,5.0,16,Wednesday,HEAVY_VEHICLE_PEAK|SUSTAINED_FLOW
2026-04-08T16:02:30.372235,2100,0,4,0,0,0,4,medium,4.6,16,Wednesday,SUSTAINED_FLOW
2026-04-08T16:02:30.860116,2130,0,7,0,0,0,7,medium,4.8,16,Wednesday,SUSTAINED_FLOW
2026-04-08T16:02:32.450616,2160,0,5,0,0,0,5,medium,4.8,16,Wednesday,SUSTAINED_FLOW
2026-04-08T16:02:32.923198,2190,0,5,0,0,0,5,medium,4.8,16,Wednesday,SUSTAINED_FLOW
2026-04-08T16:02:34.765656,2220,0,5,0,0,0,5,medium,5.2,16,Wednesday,SUSTAINED_FLOW
2026-04-08T16:02:35.227649,2250,0,5,0,0,0,5,medium,5.4,16,Wednesday,SUSTAINED_FLOW
2026-04-08T16:02:36.880421,2280,0,3,0,0,0,3,medium,4.6,16,Wednesday,SUSTAINED_FLOW
2026-04-08T16:02:37.325326,2310,0,5,0,0,0,5,medium,4.6,16,Wednesday,SUSTAINED_FLOW
2026-04-08T16:02:39.114694,2340,0,4,0,0,1,5,medium,4.6,16,Wednesday,SUSTAINED_FLOW
2026-04-08T16:02:39.613886,2370,0,2,0,0,2,4,medium,4.4,16,Wednesday,HEAVY_VEHICLE_PEAK|SUSTAINED_FLOW
2026-04-08T16:02:41.628932,2400,0,2,0,0,0,2,low,3.8,16,Wednesday,QUIET_PERIOD
2026-04-08T16:02:42.094374,2430,0,1,0,0,1,2,low,3.6,16,Wednesday,HEAVY_VEHICLE_PEAK|QUIET_PERIOD|DEAD_ZONE
2026-04-08T16:02:42.590056,2460,0,2,0,1,0,3,medium,3.2,16,Wednesday,HEAVY_VEHICLE_PEAK
2026-04-08T16:02:43.034819,2490,0,3,0,0,0,3,medium,2.8,16,Wednesday,
2026-04-08T16:02:43.964698,2520,0,8,1,0,0,9,medium,3.8,16,Wednesday,RUSH_HOUR_START
2026-04-08T16:02:44.431423,2550,0,6,0,0,3,9,medium,5.2,16,Wednesday,HEAVY_VEHICLE_PEAK
2026-04-08T16:02:46.227256,2580,0,5,0,0,2,7,medium,6.2,16,Wednesday,
2026-04-08T16:02:46.764287,2610,0,8,1,0,1,10,medium,7.6,16,Wednesday,MIXED_TRAFFIC
2026-04-08T16:02:48.628289,2640,0,8,0,0,2,10,medium,9.0,16,Wednesday,
2026-04-08T16:02:49.150978,2670,0,5,0,0,2,7,medium,8.6,16,Wednesday,
2026-04-08T16:02:50.713943,2700,0,6,0,0,0,6,medium,8.0,16,Wednesday,
2026-04-08T16:02:51.160745,2730,0,6,0,0,1,7,medium,8.0,16,Wednesday,
2026-04-08T16:02:53.133921,2760,0,5,0,1,2,8,medium,7.6,16,Wednesday,HEAVY_VEHICLE_PEAK|MIXED_TRAFFIC
2026-04-08T16:02:53.599188,2790,0,5,0,0,2,7,medium,7.0,16,Wednesday,
2026-04-08T16:02:54.098616,2820,0,7,0,0,2,9,medium,7.4,16,Wednesday,
2026-04-08T16:02:54.577051,2850,0,4,0,0,2,6,medium,7.4,16,Wednesday,HEAVY_VEHICLE_PEAK
2026-04-08T16:02:55.548508,2880,0,7,0,0,2,9,medium,7.8,16,Wednesday,
2026-04-08T16:02:56.004457,2910,0,6,0,0,2,8,medium,7.8,16,Wednesday,
2026-04-08T16:02:58.403146,2940,0,7,0,0,3,10,medium,8.4,16,Wednesday,TRAFFIC_JAM|HEAVY_VEHICLE_PEAK
2026-04-08T16:02:58.897810,2970,0,9,0,0,0,9,medium,8.4,16,Wednesday,TRAFFIC_JAM
2026-04-08T16:02:59.946677,3000,0,13,1,0,1,15,high,10.2,16,Wednesday,TRAFFIC_JAM|RUSH_HOUR_START|MIXED_TRAFFIC|SESSION_PEAK
2026-04-08T16:03:00.405776,3030,0,15,0,0,0,15,high,11.4,16,Wednesday,TRAFFIC_JAM
2026-04-08T16:14:28.038478,30,0,10,0,1,2,13,high,13.0,16,Wednesday,RUSH_HOUR_START|MIXED_TRAFFIC|SESSION_PEAK
2026-04-08T16:14:29.594359,60,0,11,0,0,1,12,high,12.5,16,Wednesday,
2026-04-08T16:14:30.540870,90,0,11,0,1,1,13,high,12.67,16,Wednesday,TRAFFIC_JAM|MIXED_TRAFFIC
2026-04-08T16:14:32.170133,120,0,10,0,1,1,12,high,12.5,16,Wednesday,TRAFFIC_JAM|MIXED_TRAFFIC
2026-04-08T16:14:33.118177,150,0,10,0,0,2,12,high,12.4,16,Wednesday,TRAFFIC_JAM
2026-04-08T16:14:34.511063,180,0,9,0,0,2,11,high,12.0,16,Wednesday,TRAFFIC_JAM
2026-04-08T16:14:35.463229,210,0,11,0,0,2,13,high,12.2,16,Wednesday,TRAFFIC_JAM
2026-04-08T16:14:36.854489,240,0,9,0,0,3,12,high,12.0,16,Wednesday,TRAFFIC_JAM
2026-04-08T16:14:37.818815,270,0,11,0,1,2,14,high,12.4,16,Wednesday,TRAFFIC_JAM|MIXED_TRAFFIC|SESSION_PEAK
2026-04-08T16:14:39.442009,300,0,10,0,1,1,12,high,12.4,16,Wednesday,TRAFFIC_JAM|MIXED_TRAFFIC
2026-04-08T16:14:40.382171,330,0,14,0,0,1,15,high,13.2,16,Wednesday,TRAFFIC_JAM|SESSION_PEAK
2026-04-08T16:14:41.787192,360,0,10,0,0,2,12,high,13.0,16,Wednesday,TRAFFIC_JAM
2026-04-08T16:14:42.698599,390,0,13,0,0,1,14,high,13.4,16,Wednesday,TRAFFIC_JAM
2026-04-08T16:14:44.138710,420,0,10,0,0,1,11,high,12.8,16,Wednesday,TRAFFIC_JAM
2026-04-08T16:14:45.052730,450,0,12,0,0,1,13,high,13.0,16,Wednesday,TRAFFIC_JAM
2026-04-08T16:14:46.457516,480,0,13,0,0,1,14,high,12.8,16,Wednesday,TRAFFIC_JAM
2026-04-08T16:14:47.533806,510,0,12,0,0,1,13,high,13.0,16,Wednesday,TRAFFIC_JAM
2026-04-08T16:14:48.731637,540,0,13,0,0,1,14,high,13.0,16,Wednesday,TRAFFIC_JAM
2026-04-08T16:14:49.973324,570,0,12,0,0,1,13,high,13.4,16,Wednesday,TRAFFIC_JAM
2026-04-08T16:14:51.229032,600,0,13,0,0,1,14,high,13.6,16,Wednesday,TRAFFIC_JAM
2026-04-08T16:14:51.997926,630,0,13,0,0,1,14,high,13.6,16,Wednesday,TRAFFIC_JAM
2026-04-14T10:35:31.266560,30,0,0,0,0,0,0,low,0.0,10,Tuesday,QUIET_PERIOD
2026-04-14T10:35:32.110435,60,0,0,0,0,0,0,low,0.0,10,Tuesday,QUIET_PERIOD|DEAD_ZONE
2026-04-14T10:35:32.752408,90,0,0,0,0,0,0,low,0.0,10,Tuesday,QUIET_PERIOD|DEAD_ZONE
2026-04-14T10:35:34.163076,120,0,1,0,0,0,1,low,0.25,10,Tuesday,QUIET_PERIOD|DEAD_ZONE|SESSION_PEAK
2026-04-14T10:35:34.886715,150,0,0,0,0,0,0,low,0.2,10,Tuesday,QUIET_PERIOD|DEAD_ZONE
2026-04-14T10:35:35.782593,180,0,1,0,0,0,1,low,0.4,10,Tuesday,QUIET_PERIOD|DEAD_ZONE
2026-04-14T10:35:36.401167,210,0,0,0,0,0,0,low,0.4,10,Tuesday,QUIET_PERIOD|DEAD_ZONE
2026-04-14T10:35:37.508900,240,0,0,0,0,0,0,low,0.4,10,Tuesday,QUIET_PERIOD|DEAD_ZONE
2026-04-14T10:35:38.080036,270,0,1,1,0,0,2,low,0.6,10,Tuesday,QUIET_PERIOD|DEAD_ZONE|SESSION_PEAK
2026-04-14T10:35:38.707853,300,0,0,0,0,0,0,low,0.6,10,Tuesday,QUIET_PERIOD|DEAD_ZONE
2026-04-14T10:35:39.292202,330,0,0,0,0,0,0,low,0.4,10,Tuesday,QUIET_PERIOD|DEAD_ZONE
2026-04-14T10:35:40.525404,360,0,0,0,0,0,0,low,0.4,10,Tuesday,QUIET_PERIOD|DEAD_ZONE
2026-04-14T10:35:41.084109,390,0,0,0,0,0,0,low,0.4,10,Tuesday,QUIET_PERIOD|DEAD_ZONE
2026-04-14T10:35:41.674562,420,0,0,0,0,0,0,low,0.0,10,Tuesday,QUIET_PERIOD|DEAD_ZONE
2026-04-14T10:35:42.234876,450,0,0,0,0,0,0,low,0.0,10,Tuesday,QUIET_PERIOD|DEAD_ZONE
2026-04-14T10:35:43.272255,480,0,0,0,0,0,0,low,0.0,10,Tuesday,QUIET_PERIOD|DEAD_ZONE
2026-04-14T10:35:43.783812,510,0,0,0,0,0,0,low,0.0,10,Tuesday,QUIET_PERIOD|DEAD_ZONE
2026-04-14T10:35:45.499707,540,0,0,0,0,0,0,low,0.0,10,Tuesday,QUIET_PERIOD|DEAD_ZONE
2026-04-14T10:35:46.081058,570,0,0,0,0,0,0,low,0.0,10,Tuesday,QUIET_PERIOD|DEAD_ZONE
2026-04-14T10:35:48.018980,600,0,0,0,0,0,0,low,0.0,10,Tuesday,QUIET_PERIOD|DEAD_ZONE
2026-04-14T10:35:48.598467,630,0,0,0,0,0,0,low,0.0,10,Tuesday,QUIET_PERIOD|DEAD_ZONE
2026-04-14T10:35:49.210915,660,0,0,0,0,0,0,low,0.0,10,Tuesday,QUIET_PERIOD|DEAD_ZONE
2026-04-14T10:35:49.756082,690,0,0,0,0,0,0,low,0.0,10,Tuesday,QUIET_PERIOD|DEAD_ZONE
2026-04-14T10:35:50.810955,720,0,0,0,0,0,0,low,0.0,10,Tuesday,QUIET_PERIOD|DEAD_ZONE
2026-04-14T10:35:51.385180,750,0,0,0,0,0,0,low,0.0,10,Tuesday,QUIET_PERIOD|DEAD_ZONE
2026-04-14T10:35:52.938910,780,0,0,0,0,0,0,low,0.0,10,Tuesday,QUIET_PERIOD|DEAD_ZONE
2026-04-14T10:35:53.617021,810,0,0,0,0,0,0,low,0.0,10,Tuesday,QUIET_PERIOD|DEAD_ZONE
2026-04-14T10:35:55.382992,840,0,0,0,0,0,0,low,0.0,10,Tuesday,QUIET_PERIOD|DEAD_ZONE
2026-04-14T10:35:55.904602,870,0,0,0,0,0,0,low,0.0,10,Tuesday,QUIET_PERIOD|DEAD_ZONE
2026-04-14T10:35:56.512521,900,0,1,0,0,0,1,low,0.2,10,Tuesday,QUIET_PERIOD|DEAD_ZONE
2026-04-14T10:35:57.104359,930,0,0,0,0,0,0,low,0.2,10,Tuesday,QUIET_PERIOD|DEAD_ZONE
2026-04-14T10:35:58.034032,960,0,0,0,0,0,0,low,0.2,10,Tuesday,QUIET_PERIOD|DEAD_ZONE
2026-04-14T10:35:58.632028,990,0,0,0,0,0,0,low,0.2,10,Tuesday,QUIET_PERIOD|DEAD_ZONE
2026-04-14T10:36:00.309987,1020,0,0,0,0,0,0,low,0.2,10,Tuesday,QUIET_PERIOD|DEAD_ZONE
2026-04-14T10:36:00.904215,1050,0,0,0,0,0,0,low,0.0,10,Tuesday,QUIET_PERIOD|DEAD_ZONE
2026-04-14T10:36:02.468155,1080,0,0,0,0,0,0,low,0.0,10,Tuesday,QUIET_PERIOD|DEAD_ZONE
2026-04-14T10:36:03.082070,1110,0,0,0,0,0,0,low,0.0,10,Tuesday,QUIET_PERIOD|DEAD_ZONE
2026-04-14T10:36:04.771566,1140,0,0,0,0,0,0,low,0.0,10,Tuesday,QUIET_PERIOD|DEAD_ZONE
2026-04-14T10:36:05.366542,1170,0,0,0,0,0,0,low,0.0,10,Tuesday,QUIET_PERIOD|DEAD_ZONE
2026-04-14T10:36:07.081004,1200,0,0,0,0,0,0,low,0.0,10,Tuesday,QUIET_PERIOD|DEAD_ZONE
2026-04-14T10:36:07.665257,1230,0,0,0,0,0,0,low,0.0,10,Tuesday,QUIET_PERIOD|DEAD_ZONE
2026-04-14T10:36:09.487650,1260,0,0,0,0,0,0,low,0.0,10,Tuesday,QUIET_PERIOD|DEAD_ZONE
2026-04-14T10:36:10.091777,1290,0,0,0,0,0,0,low,0.0,10,Tuesday,QUIET_PERIOD|DEAD_ZONE
2026-04-14T10:36:10.688012,1320,0,0,0,0,0,0,low,0.0,10,Tuesday,QUIET_PERIOD|DEAD_ZONE
2026-04-14T10:36:11.338524,1350,0,0,0,0,0,0,low,0.0,10,Tuesday,QUIET_PERIOD|DEAD_ZONE
2026-04-14T10:36:12.363847,1380,0,0,0,0,0,0,low,0.0,10,Tuesday,QUIET_PERIOD|DEAD_ZONE
2026-04-14T10:36:12.958861,1410,0,0,0,0,0,0,low,0.0,10,Tuesday,QUIET_PERIOD|DEAD_ZONE
2026-04-14T10:36:14.440944,1440,0,0,0,0,0,0,low,0.0,10,Tuesday,QUIET_PERIOD|DEAD_ZONE
2026-04-14T10:36:15.072297,1470,0,0,0,0,0,0,low,0.0,10,Tuesday,QUIET_PERIOD|DEAD_ZONE
2026-04-14T10:36:16.798199,1500,0,0,0,0,0,0,low,0.0,10,Tuesday,QUIET_PERIOD|DEAD_ZONE
2026-04-14T10:36:17.412166,1530,0,0,0,0,0,0,low,0.0,10,Tuesday,QUIET_PERIOD|DEAD_ZONE
2026-04-14T10:36:18.999934,1560,0,0,0,0,0,0,low,0.0,10,Tuesday,QUIET_PERIOD|DEAD_ZONE
2026-04-14T10:36:19.571411,1590,0,0,0,0,0,0,low,0.0,10,Tuesday,QUIET_PERIOD|DEAD_ZONE
2026-04-14T10:36:21.408266,1620,0,0,0,0,0,0,low,0.0,10,Tuesday,QUIET_PERIOD|DEAD_ZONE
2026-04-14T10:36:21.982680,1650,0,0,0,0,0,0,low,0.0,10,Tuesday,QUIET_PERIOD|DEAD_ZONE
2026-04-14T10:36:22.565218,1680,0,0,0,0,0,0,low,0.0,10,Tuesday,QUIET_PERIOD|DEAD_ZONE
2026-04-14T10:36:23.122691,1710,0,0,0,0,0,0,low,0.0,10,Tuesday,QUIET_PERIOD|DEAD_ZONE
2026-04-14T10:36:24.313901,1740,0,0,0,0,0,0,low,0.0,10,Tuesday,QUIET_PERIOD|DEAD_ZONE
2026-04-14T10:36:24.874154,1770,0,0,0,0,0,0,low,0.0,10,Tuesday,QUIET_PERIOD|DEAD_ZONE
2026-04-14T10:36:26.511893,1800,0,0,0,0,0,0,low,0.0,10,Tuesday,QUIET_PERIOD|DEAD_ZONE
2026-04-14T10:36:27.113621,1830,0,0,0,0,0,0,low,0.0,10,Tuesday,QUIET_PERIOD|DEAD_ZONE
2026-04-14T10:36:28.774827,1860,0,0,0,0,0,0,low,0.0,10,Tuesday,QUIET_PERIOD|DEAD_ZONE
2026-04-14T10:36:29.846543,1890,0,0,0,0,0,0,low,0.0,10,Tuesday,QUIET_PERIOD|DEAD_ZONE
2026-04-14T10:36:31.181617,1920,0,0,0,0,0,0,low,0.0,10,Tuesday,QUIET_PERIOD|DEAD_ZONE
2026-04-14T10:36:31.843157,1950,0,0,0,0,0,0,low,0.0,10,Tuesday,QUIET_PERIOD|DEAD_ZONE
2026-04-14T10:41:53.255561,30,0,2,0,0,0,2,low,2.0,10,Tuesday,QUIET_PERIOD|SESSION_PEAK
2026-04-14T10:41:53.979300,60,0,3,0,0,0,3,medium,2.5,10,Tuesday,SESSION_PEAK
2026-04-14T10:41:54.709097,90,0,2,0,0,0,2,low,2.33,10,Tuesday,QUIET_PERIOD
2026-04-14T10:41:55.304927,120,0,2,0,0,0,2,low,2.25,10,Tuesday,QUIET_PERIOD|DEAD_ZONE
2026-04-14T10:41:56.121229,150,0,2,0,0,0,2,low,2.2,10,Tuesday,QUIET_PERIOD|DEAD_ZONE
2026-04-14T10:41:56.694978,180,0,2,0,0,0,2,low,2.2,10,Tuesday,QUIET_PERIOD|DEAD_ZONE
2026-04-14T10:41:57.265141,210,0,3,0,0,0,3,medium,2.2,10,Tuesday,
2026-04-14T10:41:57.871643,240,0,3,0,0,0,3,medium,2.4,10,Tuesday,
2026-04-14T10:41:58.464691,270,0,3,0,0,0,3,medium,2.6,10,Tuesday,
2026-04-14T10:41:59.518946,300,0,5,0,0,0,5,medium,3.2,10,Tuesday,SESSION_PEAK
2026-04-14T10:42:00.193289,330,0,6,0,0,0,6,medium,4.0,10,Tuesday,SUSTAINED_FLOW|SESSION_PEAK
2026-04-14T10:42:00.854920,360,0,6,0,0,0,6,medium,4.6,10,Tuesday,SUSTAINED_FLOW
2026-04-14T10:42:01.590899,390,0,5,0,0,0,5,medium,5.0,10,Tuesday,SUSTAINED_FLOW
2026-04-14T10:42:02.392778,420,0,4,0,0,0,4,medium,5.2,10,Tuesday,SUSTAINED_FLOW
2026-04-14T10:42:03.333975,450,0,4,0,0,0,4,medium,5.0,10,Tuesday,SUSTAINED_FLOW
2026-04-14T10:42:04.004824,480,0,4,0,0,0,4,medium,4.6,10,Tuesday,SUSTAINED_FLOW
2026-04-14T10:42:04.646917,510,0,4,0,0,0,4,medium,4.2,10,Tuesday,SUSTAINED_FLOW
2026-04-14T10:42:05.320912,540,0,2,0,0,0,2,low,3.6,10,Tuesday,QUIET_PERIOD
2026-04-14T10:42:05.916932,570,0,2,0,0,0,2,low,3.2,10,Tuesday,QUIET_PERIOD|DEAD_ZONE
2026-04-14T10:42:06.859026,600,0,1,0,0,0,1,low,2.6,10,Tuesday,QUIET_PERIOD|DEAD_ZONE
2026-04-14T10:42:07.571020,630,0,2,0,0,1,3,medium,2.4,10,Tuesday,HEAVY_VEHICLE_PEAK
2026-04-14T10:42:08.202174,660,0,2,0,0,0,2,low,2.0,10,Tuesday,QUIET_PERIOD
2026-04-14T10:42:08.834831,690,0,2,0,0,0,2,low,2.0,10,Tuesday,QUIET_PERIOD|DEAD_ZONE
2026-04-14T10:42:09.427213,720,0,3,0,0,0,3,medium,2.2,10,Tuesday,
2026-04-14T10:42:10.213160,750,0,3,0,0,0,3,medium,2.6,10,Tuesday,
2026-04-14T10:42:10.777278,780,0,3,0,0,0,3,medium,2.6,10,Tuesday,
2026-04-14T10:42:11.429938,810,0,3,0,0,0,3,medium,2.8,10,Tuesday,
2026-04-14T10:42:12.037098,840,0,2,0,0,0,2,low,2.8,10,Tuesday,QUIET_PERIOD
2026-04-14T10:42:12.689808,870,0,3,0,0,0,3,medium,2.8,10,Tuesday,
2026-04-14T10:42:13.571286,900,0,3,0,0,0,3,medium,2.8,10,Tuesday,
2026-04-14T10:42:14.155758,930,0,2,0,0,0,2,low,2.6,10,Tuesday,QUIET_PERIOD
2026-04-14T10:42:14.817205,960,0,1,0,0,0,1,low,2.2,10,Tuesday,QUIET_PERIOD|DEAD_ZONE
2026-04-14T10:42:15.393967,990,0,1,0,0,0,1,low,2.0,10,Tuesday,QUIET_PERIOD|DEAD_ZONE
2026-04-14T10:42:16.029247,1020,0,1,0,0,0,1,low,1.6,10,Tuesday,QUIET_PERIOD|DEAD_ZONE
2026-04-14T10:42:18.960863,1050,0,1,0,0,0,1,low,1.2,10,Tuesday,QUIET_PERIOD|DEAD_ZONE
2026-04-14T10:42:19.519316,1080,0,2,0,0,0,2,low,1.2,10,Tuesday,QUIET_PERIOD|DEAD_ZONE
2026-04-14T10:42:20.093273,1110,0,2,0,0,0,2,low,1.4,10,Tuesday,QUIET_PERIOD|DEAD_ZONE
2026-04-14T10:42:20.686984,1140,0,2,0,0,0,2,low,1.6,10,Tuesday,QUIET_PERIOD|DEAD_ZONE
2026-04-14T10:42:21.254249,1170,0,2,0,0,0,2,low,1.8,10,Tuesday,QUIET_PERIOD|DEAD_ZONE
2026-04-14T10:42:21.880907,1200,0,2,0,0,0,2,low,2.0,10,Tuesday,QUIET_PERIOD|DEAD_ZONE
2026-04-14T10:42:22.464742,1230,0,3,0,0,0,3,medium,2.2,10,Tuesday,
2026-04-14T10:42:23.102837,1260,0,3,0,0,0,3,medium,2.4,10,Tuesday,
2026-04-14T10:42:23.754187,1290,0,2,0,0,0,2,low,2.4,10,Tuesday,QUIET_PERIOD
2026-04-14T10:42:24.335728,1320,0,4,0,0,0,4,medium,2.8,10,Tuesday,
2026-04-14T10:42:25.195116,1350,0,5,0,0,0,5,medium,3.4,10,Tuesday,
2026-04-14T10:42:25.766957,1380,0,4,0,0,1,5,medium,3.8,10,Tuesday,
2026-04-14T10:42:26.396865,1410,0,6,0,0,0,6,medium,4.4,10,Tuesday,
2026-04-14T10:42:27.049409,1440,0,8,0,0,0,8,medium,5.6,10,Tuesday,SESSION_PEAK
2026-04-14T10:42:27.654917,1470,0,10,0,0,0,10,medium,6.8,10,Tuesday,SESSION_PEAK
2026-04-14T10:42:30.373419,1500,0,10,0,1,0,11,high,8.0,10,Tuesday,TRAFFIC_JAM|SESSION_PEAK
2026-04-14T10:42:31.043662,1530,0,11,0,0,0,11,high,9.2,10,Tuesday,TRAFFIC_JAM
2026-04-14T10:42:31.671233,1560,0,13,0,1,0,14,high,10.8,10,Tuesday,TRAFFIC_JAM|SESSION_PEAK
2026-04-14T10:42:32.284995,1590,0,11,0,1,0,12,high,11.6,10,Tuesday,TRAFFIC_JAM
2026-04-14T10:42:32.881001,1620,0,9,0,1,0,10,medium,11.6,10,Tuesday,TRAFFIC_JAM
2026-04-14T10:42:35.573653,1650,0,9,0,1,0,10,medium,11.4,10,Tuesday,TRAFFIC_JAM
2026-04-14T10:42:36.203317,1680,0,8,0,1,0,9,medium,11.0,10,Tuesday,TRAFFIC_JAM
2026-04-14T10:42:36.787455,1710,0,8,0,1,0,9,medium,10.0,10,Tuesday,TRAFFIC_JAM
2026-04-14T10:42:37.373116,1740,0,5,0,2,0,7,medium,9.0,10,Tuesday,
2026-04-14T10:42:38.001177,1770,0,7,0,1,0,8,medium,8.6,10,Tuesday,
2026-04-14T10:42:40.762583,1800,0,10,0,2,0,12,high,9.0,10,Tuesday,
2026-04-14T10:42:41.444978,1830,0,8,0,1,0,9,medium,9.0,10,Tuesday,TRAFFIC_JAM
2026-04-14T10:42:42.158769,1860,0,12,0,3,1,16,high,10.4,10,Tuesday,TRAFFIC_JAM|RUSH_HOUR_START|MIXED_TRAFFIC|SESSION_PEAK
2026-04-14T10:42:42.849388,1890,0,8,0,2,0,10,medium,11.0,10,Tuesday,TRAFFIC_JAM|RUSH_HOUR_END
2026-04-14T10:42:43.557531,1920,0,9,0,2,0,11,high,11.6,10,Tuesday,TRAFFIC_JAM
2026-04-14T10:42:45.911238,1950,0,8,0,3,0,11,high,11.4,10,Tuesday,TRAFFIC_JAM
2026-04-14T10:42:46.617157,1980,0,7,0,3,1,11,high,11.8,10,Tuesday,TRAFFIC_JAM|HEAVY_VEHICLE_PEAK|MIXED_TRAFFIC
2026-04-14T10:42:47.253331,2010,0,8,0,2,0,10,medium,10.6,10,Tuesday,TRAFFIC_JAM
2026-04-14T10:42:47.958968,2040,0,8,0,2,0,10,medium,10.6,10,Tuesday,TRAFFIC_JAM
2026-04-14T10:42:48.591232,2070,0,8,0,2,0,10,medium,10.4,10,Tuesday,TRAFFIC_JAM
2026-04-14T10:42:51.117244,2100,0,7,0,1,0,8,medium,9.8,10,Tuesday,TRAFFIC_JAM
2026-04-14T10:42:51.751119,2130,0,8,0,1,0,9,medium,9.4,10,Tuesday,TRAFFIC_JAM
2026-04-14T10:42:52.419200,2160,0,10,0,1,0,11,high,9.6,10,Tuesday,TRAFFIC_JAM
2026-04-14T10:42:53.057573,2190,0,7,0,1,0,8,medium,9.2,10,Tuesday,TRAFFIC_JAM
2026-04-14T10:42:53.717432,2220,0,6,0,1,0,7,medium,8.6,10,Tuesday,
2026-04-14T10:42:56.309464,2250,0,5,0,1,0,6,medium,8.2,10,Tuesday,
2026-04-14T10:42:56.939336,2280,0,6,0,1,0,7,medium,7.8,10,Tuesday,
2026-04-14T10:42:57.576431,2310,0,6,0,1,0,7,medium,7.0,10,Tuesday,
2026-04-14T10:42:58.261293,2340,0,5,0,1,0,6,medium,6.6,10,Tuesday,SUSTAINED_FLOW
2026-04-14T10:42:58.923286,2370,0,4,0,1,0,5,medium,6.2,10,Tuesday,SUSTAINED_FLOW
2026-04-14T10:43:02.161424,2400,0,5,0,1,0,6,medium,6.2,10,Tuesday,SUSTAINED_FLOW
2026-04-14T10:43:02.809532,2430,0,5,0,1,0,6,medium,6.0,10,Tuesday,SUSTAINED_FLOW
2026-04-14T10:43:03.451343,2460,0,3,0,1,0,4,medium,5.4,10,Tuesday,SUSTAINED_FLOW
2026-04-14T10:43:04.057433,2490,0,5,0,1,0,6,medium,5.4,10,Tuesday,SUSTAINED_FLOW
2026-04-14T10:43:04.713101,2520,0,3,0,0,0,3,medium,5.0,10,Tuesday,SUSTAINED_FLOW
2026-04-14T10:43:06.894475,2550,0,5,0,0,0,5,medium,4.8,10,Tuesday,SUSTAINED_FLOW
2026-04-14T10:43:07.543513,2580,0,2,0,0,0,2,low,4.0,10,Tuesday,QUIET_PERIOD
2026-04-14T10:43:08.117647,2610,0,3,0,0,0,3,medium,3.8,10,Tuesday,
2026-04-14T10:43:08.759282,2640,0,4,0,0,0,4,medium,3.4,10,Tuesday,
2026-04-14T10:43:09.419708,2670,0,3,0,0,0,3,medium,3.4,10,Tuesday,
2026-04-14T10:43:11.997442,2700,0,3,0,0,0,3,medium,3.0,10,Tuesday,
2026-04-14T10:43:12.617647,2730,0,2,0,0,0,2,low,3.0,10,Tuesday,QUIET_PERIOD
2026-04-14T10:43:13.235574,2760,0,4,0,0,0,4,medium,3.2,10,Tuesday,
2026-04-14T10:43:13.881645,2790,0,4,0,0,1,5,medium,3.4,10,Tuesday,
2026-04-14T10:43:14.537637,2820,0,4,0,0,0,4,medium,3.6,10,Tuesday,
2026-04-14T10:43:17.022673,2850,0,4,0,0,0,4,medium,3.8,10,Tuesday,
2026-04-14T10:43:17.631308,2880,0,2,0,0,0,2,low,3.8,10,Tuesday,QUIET_PERIOD
2026-04-14T10:43:18.299474,2910,0,2,0,0,0,2,low,3.4,10,Tuesday,QUIET_PERIOD|DEAD_ZONE
2026-04-14T10:43:18.947589,2940,0,2,0,0,0,2,low,2.8,10,Tuesday,QUIET_PERIOD|DEAD_ZONE
2026-04-14T10:43:19.643040,2970,0,2,0,0,0,2,low,2.4,10,Tuesday,QUIET_PERIOD|DEAD_ZONE
2026-04-14T10:43:22.237468,3000,0,1,0,0,0,1,low,1.8,10,Tuesday,QUIET_PERIOD|DEAD_ZONE
2026-04-14T10:43:22.859649,3030,0,1,0,0,0,1,low,1.6,10,Tuesday,QUIET_PERIOD|DEAD_ZONE
2026-04-14T10:43:23.533379,3060,0,1,0,0,0,1,low,1.4,10,Tuesday,QUIET_PERIOD|DEAD_ZONE
2026-04-14T10:43:24.225547,3090,0,2,0,0,0,2,low,1.4,10,Tuesday,QUIET_PERIOD|DEAD_ZONE
2026-04-14T10:43:24.937634,3120,0,2,0,0,0,2,low,1.4,10,Tuesday,QUIET_PERIOD|DEAD_ZONE
2026-04-14T10:43:27.451573,3150,0,3,0,0,0,3,medium,1.8,10,Tuesday,
2026-04-14T10:43:28.087366,3180,0,5,0,0,0,5,medium,2.6,10,Tuesday,
2026-04-14T10:43:28.735881,3210,0,3,0,0,0,3,medium,3.0,10,Tuesday,
2026-04-14T10:43:29.372136,3240,0,4,0,0,0,4,medium,3.4,10,Tuesday,
2026-04-14T10:43:30.063834,3270,0,4,0,0,0,4,medium,3.8,10,Tuesday,SUSTAINED_FLOW
2026-04-14T10:43:32.591523,3300,0,2,0,0,0,2,low,3.6,10,Tuesday,QUIET_PERIOD
2026-04-14T10:43:33.304486,3330,0,1,0,0,0,1,low,2.8,10,Tuesday,QUIET_PERIOD|DEAD_ZONE
2026-04-14T10:43:34.009476,3360,0,2,0,0,0,2,low,2.6,10,Tuesday,QUIET_PERIOD|DEAD_ZONE
2026-04-14T10:43:34.757431,3390,0,3,0,0,0,3,medium,2.4,10,Tuesday,
2026-04-14T10:43:35.435002,3420,0,2,0,0,0,2,low,2.0,10,Tuesday,QUIET_PERIOD
2026-04-14T10:43:38.527702,3450,0,1,0,0,0,1,low,1.8,10,Tuesday,QUIET_PERIOD|DEAD_ZONE
2026-04-14T10:43:39.555500,3480,0,2,0,0,0,2,low,2.0,10,Tuesday,QUIET_PERIOD|DEAD_ZONE
2026-04-14T10:43:41.036922,3510,0,2,0,0,0,2,low,2.0,10,Tuesday,QUIET_PERIOD|DEAD_ZONE
2026-04-14T10:43:42.648054,3540,0,2,0,0,0,2,low,1.8,10,Tuesday,QUIET_PERIOD|DEAD_ZONE
2026-04-14T10:43:43.814340,3570,0,3,0,0,0,3,medium,2.0,10,Tuesday,
2026-04-14T10:43:45.749001,3600,0,6,0,0,0,6,medium,3.0,10,Tuesday,
2026-04-14T10:43:47.145491,3630,0,5,0,0,0,5,medium,3.6,10,Tuesday,
2026-04-14T10:43:48.481086,3660,0,3,0,0,0,3,medium,3.8,10,Tuesday,
2026-04-14T10:43:49.634999,3690,0,3,0,0,0,3,medium,4.0,10,Tuesday,SUSTAINED_FLOW
2026-04-14T10:43:50.770593,3720,0,3,0,0,0,3,medium,4.0,10,Tuesday,SUSTAINED_FLOW
2026-04-14T10:43:52.546925,3750,0,2,0,0,0,2,low,3.2,10,Tuesday,QUIET_PERIOD
2026-04-14T10:43:53.894642,3780,0,2,0,0,0,2,low,2.6,10,Tuesday,QUIET_PERIOD|DEAD_ZONE
2026-04-14T10:43:55.283634,3810,0,2,0,1,0,3,medium,2.6,10,Tuesday,HEAVY_VEHICLE_PEAK
2026-04-14T10:43:56.948208,3840,0,3,0,1,0,4,medium,2.8,10,Tuesday,
2026-04-14T10:43:58.191201,3870,0,3,0,0,0,3,medium,2.8,10,Tuesday,
2026-04-14T10:43:59.396137,3900,0,4,0,1,1,6,medium,3.6,10,Tuesday,HEAVY_VEHICLE_PEAK|MIXED_TRAFFIC
2026-04-14T10:44:00.596370,3930,0,4,0,1,1,6,medium,4.4,10,Tuesday,HEAVY_VEHICLE_PEAK|SUSTAINED_FLOW|MIXED_TRAFFIC
2026-04-14T10:44:02.094341,3960,0,7,0,0,1,8,medium,5.4,10,Tuesday,
2026-04-14T10:44:03.458140,3990,0,6,0,0,0,6,medium,5.8,10,Tuesday,
2026-04-14T10:44:04.854478,4020,0,8,0,0,0,8,medium,6.8,10,Tuesday,
2026-04-14T10:44:06.691515,4050,0,8,0,0,0,8,medium,7.2,10,Tuesday,
2026-04-14T10:44:07.664280,4080,0,4,0,0,0,4,medium,6.8,10,Tuesday,
2026-04-14T10:44:08.545198,4110,0,4,0,0,1,5,medium,6.2,10,Tuesday,
2026-04-14T10:44:09.671082,4140,0,4,0,0,0,4,medium,5.8,10,Tuesday,
2026-04-14T10:44:10.648022,4170,0,4,0,0,0,4,medium,5.0,10,Tuesday,
2026-04-14T10:44:12.420211,4200,0,2,0,0,0,2,low,3.8,10,Tuesday,QUIET_PERIOD
2026-04-14T10:44:13.618143,4230,0,2,0,0,0,2,low,3.4,10,Tuesday,QUIET_PERIOD|DEAD_ZONE
2026-04-14T10:44:14.895715,4260,0,2,0,0,0,2,low,2.8,10,Tuesday,QUIET_PERIOD|DEAD_ZONE
2026-04-14T10:44:16.067833,4290,0,2,0,0,0,2,low,2.4,10,Tuesday,QUIET_PERIOD|DEAD_ZONE
2026-04-14T10:44:17.429973,4320,0,2,0,0,0,2,low,2.0,10,Tuesday,QUIET_PERIOD|DEAD_ZONE
2026-04-14T10:44:19.112961,4350,0,2,0,0,0,2,low,2.0,10,Tuesday,QUIET_PERIOD|DEAD_ZONE
2026-04-14T10:44:20.045445,4380,0,4,0,0,0,4,medium,2.4,10,Tuesday,
2026-04-14T10:44:20.991785,4410,0,4,0,0,0,4,medium,2.8,10,Tuesday,
2026-04-14T10:44:22.204692,4440,0,4,0,0,0,4,medium,3.2,10,Tuesday,
2026-04-14T10:44:23.113191,4470,0,4,0,0,0,4,medium,3.6,10,Tuesday,
2026-04-14T10:44:24.947114,4500,0,3,0,0,0,3,medium,3.8,10,Tuesday,SUSTAINED_FLOW
2026-04-14T10:44:26.423843,4530,0,3,0,0,0,3,medium,3.6,10,Tuesday,SUSTAINED_FLOW
2026-04-14T10:44:27.943497,4560,0,3,0,0,0,3,medium,3.4,10,Tuesday,SUSTAINED_FLOW
2026-04-14T10:44:29.128446,4590,0,3,0,0,0,3,medium,3.2,10,Tuesday,SUSTAINED_FLOW
2026-04-14T10:44:30.238597,4620,0,3,0,0,0,3,medium,3.0,10,Tuesday,SUSTAINED_FLOW
2026-04-14T10:44:31.868562,4650,0,3,0,0,0,3,medium,3.0,10,Tuesday,SUSTAINED_FLOW
2026-04-14T10:44:32.974889,4680,0,3,0,0,0,3,medium,3.0,10,Tuesday,SUSTAINED_FLOW
2026-04-14T10:44:34.096252,4710,0,3,0,0,0,3,medium,3.0,10,Tuesday,SUSTAINED_FLOW
2026-04-14T10:44:34.931147,4740,0,3,0,0,0,3,medium,3.0,10,Tuesday,SUSTAINED_FLOW
2026-04-14T10:44:35.734306,4770,0,5,0,0,0,5,medium,3.4,10,Tuesday,SUSTAINED_FLOW
2026-04-14T10:44:37.020876,4800,0,5,0,0,0,5,medium,3.8,10,Tuesday,SUSTAINED_FLOW
2026-04-14T10:44:37.836606,4830,0,4,0,0,0,4,medium,4.0,10,Tuesday,SUSTAINED_FLOW
2026-04-14T10:44:38.670027,4860,0,3,0,0,0,3,medium,4.0,10,Tuesday,SUSTAINED_FLOW
2026-04-14T10:44:39.874452,4890,0,3,0,0,0,3,medium,4.0,10,Tuesday,SUSTAINED_FLOW
2026-04-14T10:44:40.949339,4920,0,4,0,0,0,4,medium,3.8,10,Tuesday,SUSTAINED_FLOW
2026-04-14T10:44:42.380117,4950,0,4,0,0,0,4,medium,3.6,10,Tuesday,SUSTAINED_FLOW
2026-04-14T10:44:43.560621,4980,0,5,0,0,0,5,medium,3.8,10,Tuesday,SUSTAINED_FLOW
2026-04-14T10:44:44.523056,5010,0,5,0,0,0,5,medium,4.2,10,Tuesday,SUSTAINED_FLOW
2026-04-14T10:44:45.394011,5040,0,4,0,0,0,4,medium,4.4,10,Tuesday,SUSTAINED_FLOW
2026-04-14T10:44:46.492995,5070,0,4,0,0,0,4,medium,4.4,10,Tuesday,SUSTAINED_FLOW
2026-04-14T10:44:47.998616,5100,0,4,0,0,0,4,medium,4.4,10,Tuesday,SUSTAINED_FLOW
2026-04-14T10:44:48.843732,5130,0,4,0,0,0,4,medium,4.2,10,Tuesday,SUSTAINED_FLOW
2026-04-14T10:44:49.728676,5160,0,4,0,0,0,4,medium,4.0,10,Tuesday,SUSTAINED_FLOW
2026-04-14T10:44:50.442006,5190,0,5,0,0,0,5,medium,4.2,10,Tuesday,SUSTAINED_FLOW
2026-04-14T10:44:51.305583,5220,0,6,0,0,0,6,medium,4.6,10,Tuesday,SUSTAINED_FLOW
2026-04-14T10:44:52.450180,5250,0,5,0,0,0,5,medium,4.8,10,Tuesday,SUSTAINED_FLOW
2026-04-14T10:44:53.166840,5280,0,5,0,0,0,5,medium,5.0,10,Tuesday,SUSTAINED_FLOW
2026-04-14T10:44:54.058752,5310,0,5,0,0,0,5,medium,5.2,10,Tuesday,SUSTAINED_FLOW
2026-04-14T10:44:54.903018,5340,0,5,0,0,0,5,medium,5.2,10,Tuesday,SUSTAINED_FLOW
2026-04-14T10:44:55.757423,5370,0,3,0,0,0,3,medium,4.6,10,Tuesday,SUSTAINED_FLOW
2026-04-14T10:44:57.081566,5400,0,2,0,0,0,2,low,4.0,10,Tuesday,QUIET_PERIOD
2026-04-14T10:44:57.972352,5430,0,4,0,0,0,4,medium,3.8,10,Tuesday,
2026-04-14T10:44:58.660848,5460,0,6,0,0,0,6,medium,4.0,10,Tuesday,
2026-04-14T10:44:59.804052,5490,0,4,0,0,0,4,medium,3.8,10,Tuesday,
2026-04-14T10:45:00.685454,5520,0,3,0,0,0,3,medium,3.8,10,Tuesday,
2026-04-14T10:45:02.378642,5550,0,4,0,0,0,4,medium,4.2,10,Tuesday,SUSTAINED_FLOW
2026-04-14T10:45:03.543275,5580,0,5,0,0,0,5,medium,4.4,10,Tuesday,SUSTAINED_FLOW
2026-04-14T10:45:04.571010,5610,0,8,0,0,0,8,medium,4.8,10,Tuesday,
2026-04-14T10:45:05.589525,5640,0,6,0,0,0,6,medium,5.2,10,Tuesday,
2026-04-14T10:45:06.676372,5670,0,5,0,0,0,5,medium,5.6,10,Tuesday,
2026-04-14T10:45:10.038336,5700,0,8,0,0,0,8,medium,6.4,10,Tuesday,
2026-04-14T10:45:11.645800,5730,0,8,0,0,0,8,medium,7.0,10,Tuesday,
2026-04-14T10:45:12.642370,5760,0,9,0,0,0,9,medium,7.2,10,Tuesday,TRAFFIC_JAM
2026-04-14T10:45:13.786618,5790,0,7,0,0,0,7,medium,7.4,10,Tuesday,
2026-04-14T10:45:15.034713,5820,0,6,0,0,0,6,medium,7.6,10,Tuesday,
2026-04-14T10:45:16.772259,5850,0,7,0,0,0,7,medium,7.4,10,Tuesday,
2026-04-14T10:45:18.241934,5880,0,8,0,0,0,8,medium,7.4,10,Tuesday,
2026-04-14T10:45:19.207192,5910,0,5,0,0,1,6,medium,6.8,10,Tuesday,
2026-04-14T10:45:20.443983,5940,0,5,0,1,1,7,medium,6.8,10,Tuesday,MIXED_TRAFFIC
2026-04-14T10:45:21.565046,5970,0,9,0,0,0,9,medium,7.4,10,Tuesday,
2026-04-14T10:45:22.742127,6000,0,7,0,0,0,7,medium,7.4,10,Tuesday,
2026-04-14T10:45:23.556481,6030,0,6,0,0,0,6,medium,7.0,10,Tuesday,
2026-04-14T10:45:24.498963,6060,0,7,0,0,0,7,medium,7.2,10,Tuesday,
2026-04-14T10:45:25.382970,6090,0,4,0,0,1,5,medium,6.8,10,Tuesday,
2026-04-14T10:45:26.259333,6120,0,3,0,0,0,3,medium,5.6,10,Tuesday,SUSTAINED_FLOW
2026-04-14T10:45:27.263742,6150,0,3,0,0,0,3,medium,4.8,10,Tuesday,SUSTAINED_FLOW
2026-04-14T10:45:28.060816,6180,0,4,0,0,0,4,medium,4.4,10,Tuesday,SUSTAINED_FLOW
2026-04-14T10:45:28.911193,6210,0,3,0,0,0,3,medium,3.6,10,Tuesday,SUSTAINED_FLOW
2026-04-14T10:45:29.982958,6240,0,2,0,0,0,2,low,3.0,10,Tuesday,QUIET_PERIOD
2026-04-14T10:45:31.014632,6270,0,2,0,0,0,2,low,2.8,10,Tuesday,QUIET_PERIOD|DEAD_ZONE
2026-04-14T10:45:32.386848,6300,0,2,0,0,0,2,low,2.6,10,Tuesday,QUIET_PERIOD|DEAD_ZONE
2026-04-14T10:45:33.386929,6330,0,1,0,0,0,1,low,2.0,10,Tuesday,QUIET_PERIOD|DEAD_ZONE
2026-04-14T10:45:34.663607,6360,0,3,0,0,0,3,medium,2.0,10,Tuesday,
2026-04-14T10:45:35.675941,6390,0,1,0,0,0,1,low,1.8,10,Tuesday,QUIET_PERIOD
2026-04-14T10:45:36.684123,6420,0,1,0,0,0,1,low,1.6,10,Tuesday,QUIET_PERIOD|DEAD_ZONE
2026-04-14T10:45:37.866865,6450,0,2,0,0,0,2,low,1.6,10,Tuesday,QUIET_PERIOD|DEAD_ZONE
2026-04-14T10:45:38.856747,6480,0,2,0,0,0,2,low,1.8,10,Tuesday,QUIET_PERIOD|DEAD_ZONE
2026-04-14T10:45:39.911089,6510,0,1,0,0,0,1,low,1.4,10,Tuesday,QUIET_PERIOD|DEAD_ZONE
2026-04-14T10:45:40.855280,6540,0,2,0,0,0,2,low,1.6,10,Tuesday,QUIET_PERIOD|DEAD_ZONE
2026-04-14T10:45:42.163086,6570,0,3,0,0,0,3,medium,2.0,10,Tuesday,
2026-04-14T10:45:43.555530,6600,0,3,0,0,0,3,medium,2.2,10,Tuesday,
2026-04-14T10:45:44.513176,6630,0,3,0,0,0,3,medium,2.4,10,Tuesday,
2026-04-14T10:45:45.391788,6660,0,2,0,0,0,2,low,2.6,10,Tuesday,QUIET_PERIOD
2026-04-14T10:45:46.138529,6690,0,2,0,0,0,2,low,2.6,10,Tuesday,QUIET_PERIOD|DEAD_ZONE
2026-04-14T10:45:47.008349,6720,0,1,0,0,0,1,low,2.2,10,Tuesday,QUIET_PERIOD|DEAD_ZONE
2026-04-14T10:45:48.333268,6750,0,4,0,0,0,4,medium,2.4,10,Tuesday,
2026-04-14T10:45:49.337237,6780,0,3,0,0,0,3,medium,2.4,10,Tuesday,
2026-04-14T10:45:50.701512,6810,0,4,0,0,0,4,medium,2.8,10,Tuesday,
2026-04-14T10:45:51.951964,6840,0,2,0,0,0,2,low,2.8,10,Tuesday,QUIET_PERIOD
2026-04-14T10:45:53.221499,6870,0,2,0,0,0,2,low,3.0,10,Tuesday,QUIET_PERIOD|DEAD_ZONE
2026-04-14T10:45:54.643519,6900,0,2,0,0,0,2,low,2.6,10,Tuesday,QUIET_PERIOD|DEAD_ZONE
2026-04-14T10:45:55.630679,6930,0,2,0,0,0,2,low,2.4,10,Tuesday,QUIET_PERIOD|DEAD_ZONE
2026-04-14T10:45:56.895124,6960,0,2,0,0,0,2,low,2.0,10,Tuesday,QUIET_PERIOD|DEAD_ZONE
2026-04-14T10:45:57.844447,6990,0,2,0,0,0,2,low,2.0,10,Tuesday,QUIET_PERIOD|DEAD_ZONE
2026-04-14T10:45:58.849362,7020,0,2,0,0,0,2,low,2.0,10,Tuesday,QUIET_PERIOD|DEAD_ZONE
2026-04-14T10:46:00.810754,7050,0,2,0,0,0,2,low,2.0,10,Tuesday,QUIET_PERIOD|DEAD_ZONE
2026-04-14T10:46:02.384061,7080,0,2,0,0,0,2,low,2.0,10,Tuesday,QUIET_PERIOD|DEAD_ZONE
2026-04-14T10:46:03.507073,7110,0,2,0,0,0,2,low,2.0,10,Tuesday,QUIET_PERIOD|DEAD_ZONE
2026-04-14T10:46:04.674990,7140,0,4,0,0,0,4,medium,2.4,10,Tuesday,
2026-04-14T10:46:05.619347,7170,0,3,0,0,0,3,medium,2.6,10,Tuesday,
2026-04-14T10:46:06.644540,7200,0,3,0,0,0,3,medium,2.8,10,Tuesday,
2026-04-14T10:46:07.248628,7230,0,4,0,0,0,4,medium,3.2,10,Tuesday,
2026-04-14T10:46:08.577986,7260,0,9,0,0,0,9,medium,4.6,10,Tuesday,
2026-04-14T10:46:09.231477,7290,0,7,0,0,0,7,medium,5.2,10,Tuesday,
2026-04-14T10:46:10.119520,7320,0,6,0,0,0,6,medium,5.8,10,Tuesday,
2026-04-14T10:46:11.360315,7350,0,5,0,0,0,5,medium,6.2,10,Tuesday,
2026-04-14T10:46:12.917040,7380,0,6,0,0,0,6,medium,6.6,10,Tuesday,
2026-04-14T10:46:13.834881,7410,0,3,0,0,0,3,medium,5.4,10,Tuesday,SUSTAINED_FLOW
2026-04-14T11:04:18.627801,30,0,5,0,0,1,6,medium,6.0,11,Tuesday,RUSH_HOUR_START|SESSION_PEAK
2026-04-14T11:04:19.340767,60,0,3,0,0,1,4,medium,5.0,11,Tuesday,
2026-04-14T11:04:20.174793,90,0,4,0,0,1,5,medium,5.0,11,Tuesday,
2026-04-14T11:04:21.110072,120,0,7,0,0,0,7,medium,5.5,11,Tuesday,SESSION_PEAK
2026-04-14T11:04:22.144056,150,0,1,0,0,0,1,low,4.6,11,Tuesday,QUIET_PERIOD|RUSH_HOUR_END
2026-04-14T11:04:22.868831,180,0,4,0,0,0,4,medium,4.2,11,Tuesday,
2026-04-14T11:04:23.499755,210,0,3,0,0,0,3,medium,4.0,11,Tuesday,
2026-04-14T11:04:24.157397,240,0,6,0,0,0,6,medium,4.2,11,Tuesday,
2026-04-14T11:04:24.804611,270,0,4,0,0,0,4,medium,3.6,11,Tuesday,
2026-04-14T11:04:31.247923,300,0,7,0,0,0,7,medium,4.8,11,Tuesday,SUSTAINED_FLOW
2026-04-14T11:04:31.901059,330,0,6,0,0,1,7,medium,5.4,11,Tuesday,SUSTAINED_FLOW
2026-04-14T11:04:32.501873,360,0,5,0,0,0,5,medium,5.8,11,Tuesday,SUSTAINED_FLOW
2026-04-14T11:04:33.100828,390,0,6,0,0,0,6,medium,5.8,11,Tuesday,SUSTAINED_FLOW
2026-04-14T11:04:33.716920,420,0,5,0,0,0,5,medium,6.0,11,Tuesday,SUSTAINED_FLOW
2026-04-14T11:04:34.566227,450,0,6,0,0,0,6,medium,5.8,11,Tuesday,SUSTAINED_FLOW
2026-04-14T11:04:35.264072,480,0,6,0,0,0,6,medium,5.6,11,Tuesday,SUSTAINED_FLOW
2026-04-14T11:04:35.842957,510,0,5,0,0,0,5,medium,5.6,11,Tuesday,SUSTAINED_FLOW
2026-04-14T11:04:36.503512,540,0,5,0,0,0,5,medium,5.4,11,Tuesday,SUSTAINED_FLOW
2026-04-14T11:04:37.202322,570,0,4,0,0,0,4,medium,5.2,11,Tuesday,SUSTAINED_FLOW
2026-04-14T11:04:39.177291,600,0,4,0,0,0,4,medium,4.8,11,Tuesday,SUSTAINED_FLOW
2026-04-14T11:04:39.770792,630,0,3,0,0,0,3,medium,4.2,11,Tuesday,SUSTAINED_FLOW
2026-04-14T11:04:40.415281,660,0,2,0,0,0,2,low,3.6,11,Tuesday,QUIET_PERIOD
2026-04-14T11:04:41.026035,690,0,2,0,0,0,2,low,3.0,11,Tuesday,QUIET_PERIOD|DEAD_ZONE
2026-04-14T11:04:41.635683,720,0,1,0,0,0,1,low,2.4,11,Tuesday,QUIET_PERIOD|DEAD_ZONE
2026-04-14T11:04:42.459512,750,0,1,0,0,0,1,low,1.8,11,Tuesday,QUIET_PERIOD|DEAD_ZONE
2026-04-14T11:04:43.087812,780,0,0,0,0,0,0,low,1.2,11,Tuesday,QUIET_PERIOD|DEAD_ZONE
2026-04-14T11:04:43.806265,810,0,0,0,0,0,0,low,0.8,11,Tuesday,QUIET_PERIOD|DEAD_ZONE
2026-04-14T11:04:44.408214,840,0,0,0,0,0,0,low,0.4,11,Tuesday,QUIET_PERIOD|DEAD_ZONE
2026-04-14T11:04:45.074380,870,0,0,0,0,0,0,low,0.2,11,Tuesday,QUIET_PERIOD|DEAD_ZONE
2026-04-14T11:04:46.057558,900,0,1,0,0,0,1,low,0.2,11,Tuesday,QUIET_PERIOD|DEAD_ZONE
2026-04-14T11:04:46.727131,930,0,1,0,0,0,1,low,0.4,11,Tuesday,QUIET_PERIOD|DEAD_ZONE
2026-04-14T11:04:47.426931,960,0,2,0,0,0,2,low,0.8,11,Tuesday,QUIET_PERIOD|DEAD_ZONE
2026-04-14T11:04:48.103604,990,0,3,0,0,0,3,medium,1.4,11,Tuesday,
2026-04-14T11:04:48.805961,1020,0,4,0,0,0,4,medium,2.2,11,Tuesday,
2026-04-14T11:04:49.653019,1050,0,6,0,0,0,6,medium,3.2,11,Tuesday,
2026-04-14T11:04:50.314972,1080,0,5,0,0,0,5,medium,4.0,11,Tuesday,
2026-04-14T11:04:50.947052,1110,0,2,0,0,0,2,low,4.0,11,Tuesday,QUIET_PERIOD
2026-04-14T11:04:51.589496,1140,0,3,0,0,0,3,medium,4.0,11,Tuesday,
2026-04-14T11:04:52.191453,1170,0,2,0,0,0,2,low,3.6,11,Tuesday,QUIET_PERIOD
2026-04-14T11:04:53.875571,1200,0,2,0,0,0,2,low,2.8,11,Tuesday,QUIET_PERIOD|DEAD_ZONE
2026-04-14T11:04:54.827496,1230,0,1,0,0,0,1,low,2.0,11,Tuesday,QUIET_PERIOD|DEAD_ZONE
2026-04-14T11:04:55.639880,1260,0,1,0,0,0,1,low,1.8,11,Tuesday,QUIET_PERIOD|DEAD_ZONE
2026-04-14T11:04:56.282839,1290,0,0,0,0,0,0,low,1.2,11,Tuesday,QUIET_PERIOD|DEAD_ZONE
2026-04-14T11:04:56.936385,1320,0,0,0,0,0,0,low,0.8,11,Tuesday,QUIET_PERIOD|DEAD_ZONE
2026-04-14T11:04:57.607655,1350,0,1,0,0,0,1,low,0.6,11,Tuesday,QUIET_PERIOD|DEAD_ZONE
2026-04-14T11:04:58.222226,1380,0,2,0,0,0,2,low,0.8,11,Tuesday,QUIET_PERIOD|DEAD_ZONE
2026-04-14T11:04:58.943838,1410,0,3,0,0,0,3,medium,1.2,11,Tuesday,
2026-04-14T11:04:59.633211,1440,0,3,0,0,0,3,medium,1.8,11,Tuesday,
2026-04-14T11:05:00.308704,1470,0,4,0,0,0,4,medium,2.6,11,Tuesday,
2026-04-14T11:05:02.573390,1500,0,4,0,0,0,4,medium,3.2,11,Tuesday,
2026-04-14T11:05:03.415453,1530,0,3,0,0,0,3,medium,3.4,11,Tuesday,SUSTAINED_FLOW
2026-04-14T11:05:04.132850,1560,0,3,0,0,0,3,medium,3.4,11,Tuesday,SUSTAINED_FLOW
2026-04-14T11:05:04.817068,1590,0,5,0,0,0,5,medium,3.8,11,Tuesday,SUSTAINED_FLOW
2026-04-14T11:05:05.515049,1620,0,2,0,0,0,2,low,3.4,11,Tuesday,QUIET_PERIOD
2026-04-14T11:05:06.427403,1650,0,2,0,0,0,2,low,3.0,11,Tuesday,QUIET_PERIOD|DEAD_ZONE
2026-04-14T11:05:07.161406,1680,0,2,0,0,0,2,low,2.8,11,Tuesday,QUIET_PERIOD|DEAD_ZONE
2026-04-14T11:05:07.854612,1710,0,2,0,0,0,2,low,2.6,11,Tuesday,QUIET_PERIOD|DEAD_ZONE
2026-04-14T11:05:08.510200,1740,0,3,0,0,0,3,medium,2.2,11,Tuesday,
2026-04-14T11:05:09.255830,1770,0,1,0,0,0,1,low,2.0,11,Tuesday,QUIET_PERIOD
2026-04-14T11:05:11.083087,1800,0,2,0,0,0,2,low,2.0,11,Tuesday,QUIET_PERIOD|DEAD_ZONE
2026-04-14T11:05:11.751728,1830,0,3,0,0,0,3,medium,2.2,11,Tuesday,
2026-04-14T11:05:12.488445,1860,0,4,0,0,0,4,medium,2.6,11,Tuesday,
2026-04-14T11:05:13.202308,1890,0,4,0,0,0,4,medium,2.8,11,Tuesday,
2026-04-14T11:05:13.881013,1920,0,4,0,0,0,4,medium,3.4,11,Tuesday,
2026-04-14T11:05:14.523177,1950,0,4,0,0,0,4,medium,3.8,11,Tuesday,SUSTAINED_FLOW
2026-04-14T11:05:15.167346,1980,0,3,0,0,0,3,medium,3.8,11,Tuesday,SUSTAINED_FLOW
2026-04-14T11:05:15.833030,2010,0,3,0,0,0,3,medium,3.6,11,Tuesday,SUSTAINED_FLOW
2026-04-14T11:05:16.535441,2040,0,5,0,0,0,5,medium,3.8,11,Tuesday,SUSTAINED_FLOW
2026-04-14T11:05:17.207783,2070,0,2,0,0,0,2,low,3.4,11,Tuesday,QUIET_PERIOD
2026-04-14T11:05:19.523485,2100,0,3,0,0,0,3,medium,3.2,11,Tuesday,
2026-04-14T11:05:20.225893,2130,0,3,0,1,0,4,medium,3.4,11,Tuesday,
2026-04-14T11:05:20.967287,2160,0,4,0,0,0,4,medium,3.6,11,Tuesday,
2026-04-14T11:05:21.680534,2190,0,4,0,0,1,5,medium,3.6,11,Tuesday,
2026-04-14T11:05:22.411635,2220,0,4,0,0,1,5,medium,4.2,11,Tuesday,SUSTAINED_FLOW
2026-04-14T11:05:25.960437,2250,0,4,0,0,0,4,medium,4.4,11,Tuesday,SUSTAINED_FLOW
2026-04-14T11:05:26.608074,2280,0,4,0,0,0,4,medium,4.4,11,Tuesday,SUSTAINED_FLOW
2026-04-14T11:05:27.229460,2310,0,4,0,0,0,4,medium,4.4,11,Tuesday,SUSTAINED_FLOW
2026-04-14T11:05:27.958977,2340,0,3,0,0,0,3,medium,4.0,11,Tuesday,SUSTAINED_FLOW
2026-04-14T11:05:28.648052,2370,0,3,0,0,0,3,medium,3.6,11,Tuesday,SUSTAINED_FLOW
2026-04-14T11:05:29.352583,2400,0,3,0,0,0,3,medium,3.4,11,Tuesday,SUSTAINED_FLOW
2026-04-14T11:05:30.095056,2430,0,1,0,0,0,1,low,2.8,11,Tuesday,QUIET_PERIOD
2026-04-14T11:05:30.780524,2460,0,0,0,0,0,0,low,2.0,11,Tuesday,QUIET_PERIOD|DEAD_ZONE
2026-04-14T11:05:31.452138,2490,0,1,0,0,0,1,low,1.6,11,Tuesday,QUIET_PERIOD|DEAD_ZONE
2026-04-14T11:05:32.118335,2520,0,2,0,0,0,2,low,1.4,11,Tuesday,QUIET_PERIOD|DEAD_ZONE
2026-04-14T11:05:33.604545,2550,0,1,0,0,0,1,low,1.0,11,Tuesday,QUIET_PERIOD|DEAD_ZONE
2026-04-14T11:05:34.299965,2580,0,1,0,0,0,1,low,1.0,11,Tuesday,QUIET_PERIOD|DEAD_ZONE
2026-04-14T11:05:35.005241,2610,0,1,0,0,0,1,low,1.2,11,Tuesday,QUIET_PERIOD|DEAD_ZONE
2026-04-14T11:05:35.679941,2640,0,2,0,0,0,2,low,1.4,11,Tuesday,QUIET_PERIOD|DEAD_ZONE
2026-04-14T11:05:36.367899,2670,0,4,0,0,0,4,medium,1.8,11,Tuesday,
2026-04-14T11:05:39.246404,2700,0,4,0,0,0,4,medium,2.4,11,Tuesday,
2026-04-14T11:05:39.893946,2730,0,2,0,0,0,2,low,2.6,11,Tuesday,QUIET_PERIOD
2026-04-14T11:05:40.563207,2760,0,4,0,0,0,4,medium,3.2,11,Tuesday,
2026-04-14T11:05:41.208881,2790,0,3,0,0,0,3,medium,3.4,11,Tuesday,
2026-04-14T11:05:41.876594,2820,0,2,0,0,0,2,low,3.0,11,Tuesday,QUIET_PERIOD
2026-04-14T11:05:42.554255,2850,0,1,0,0,0,1,low,2.4,11,Tuesday,QUIET_PERIOD|DEAD_ZONE
2026-04-14T11:05:43.249003,2880,0,1,0,0,0,1,low,2.2,11,Tuesday,QUIET_PERIOD|DEAD_ZONE
2026-04-14T11:05:44.095485,2910,0,0,0,0,0,0,low,1.4,11,Tuesday,QUIET_PERIOD|DEAD_ZONE
2026-04-14T11:05:44.797754,2940,0,0,0,0,0,0,low,0.8,11,Tuesday,QUIET_PERIOD|DEAD_ZONE
2026-04-14T11:05:45.549761,2970,0,0,0,0,0,0,low,0.4,11,Tuesday,QUIET_PERIOD|DEAD_ZONE
2026-04-14T11:05:46.941163,3000,0,1,0,0,0,1,low,0.4,11,Tuesday,QUIET_PERIOD|DEAD_ZONE
2026-04-14T11:05:47.679583,3030,0,0,0,0,0,0,low,0.2,11,Tuesday,QUIET_PERIOD|DEAD_ZONE
2026-04-14T11:05:48.389341,3060,0,1,0,0,0,1,low,0.4,11,Tuesday,QUIET_PERIOD|DEAD_ZONE
2026-04-14T11:05:49.103108,3090,0,2,0,0,0,2,low,0.8,11,Tuesday,QUIET_PERIOD|DEAD_ZONE
2026-04-14T11:05:49.924538,3120,0,1,0,0,0,1,low,1.0,11,Tuesday,QUIET_PERIOD|DEAD_ZONE
2026-04-14T11:05:52.541414,3150,0,1,0,0,0,1,low,1.0,11,Tuesday,QUIET_PERIOD|DEAD_ZONE
2026-04-14T11:05:53.264626,3180,0,2,0,0,0,2,low,1.4,11,Tuesday,QUIET_PERIOD|DEAD_ZONE
2026-04-14T11:05:54.015598,3210,0,2,0,0,0,2,low,1.6,11,Tuesday,QUIET_PERIOD|DEAD_ZONE
2026-04-14T11:05:54.700493,3240,0,3,0,0,0,3,medium,1.8,11,Tuesday,
2026-04-14T11:05:55.390428,3270,0,3,0,0,0,3,medium,2.2,11,Tuesday,
2026-04-14T11:05:57.790109,3300,0,2,0,0,0,2,low,2.4,11,Tuesday,QUIET_PERIOD
2026-04-14T11:05:58.385621,3330,0,4,0,0,0,4,medium,2.8,11,Tuesday,
2026-04-14T11:05:59.044946,3360,0,3,0,0,0,3,medium,3.0,11,Tuesday,
2026-04-14T11:05:59.696546,3390,0,1,0,0,0,1,low,2.6,11,Tuesday,QUIET_PERIOD
2026-04-14T11:06:00.432636,3420,0,3,0,0,0,3,medium,2.6,11,Tuesday,
2026-04-14T11:06:04.095410,3450,0,2,0,0,0,2,low,2.6,11,Tuesday,QUIET_PERIOD
2026-04-14T11:06:04.798380,3480,0,3,0,0,0,3,medium,2.4,11,Tuesday,
2026-04-14T11:06:05.430030,3510,0,2,0,0,0,2,low,2.2,11,Tuesday,QUIET_PERIOD
2026-04-14T11:06:06.145885,3540,0,2,0,0,0,2,low,2.4,11,Tuesday,QUIET_PERIOD|DEAD_ZONE
2026-04-14T11:06:06.858242,3570,0,3,0,0,0,3,medium,2.4,11,Tuesday,
2026-04-14T11:06:09.687417,3600,0,3,0,0,0,3,medium,2.6,11,Tuesday,
2026-04-14T11:06:10.287130,3630,0,2,0,0,0,2,low,2.4,11,Tuesday,QUIET_PERIOD
2026-04-14T11:06:10.907949,3660,0,4,0,1,0,5,medium,3.0,11,Tuesday,
2026-04-14T11:06:11.562366,3690,0,4,0,0,0,4,medium,3.4,11,Tuesday,
2026-04-14T11:06:12.385247,3720,0,1,0,0,0,1,low,3.0,11,Tuesday,QUIET_PERIOD
2026-04-14T11:06:13.122241,3750,0,2,0,1,0,3,medium,3.0,11,Tuesday,HEAVY_VEHICLE_PEAK
2026-04-14T11:06:13.880840,3780,0,0,0,0,0,0,low,2.6,11,Tuesday,QUIET_PERIOD
2026-04-14T11:06:14.559437,3810,0,1,0,0,0,1,low,1.8,11,Tuesday,QUIET_PERIOD|DEAD_ZONE
2026-04-14T11:06:15.297962,3840,0,1,0,0,0,1,low,1.2,11,Tuesday,QUIET_PERIOD|DEAD_ZONE
2026-04-14T11:06:15.989408,3870,0,1,0,0,0,1,low,1.2,11,Tuesday,QUIET_PERIOD|DEAD_ZONE
2026-04-14T11:06:17.176950,3900,0,1,0,0,0,1,low,0.8,11,Tuesday,QUIET_PERIOD|DEAD_ZONE
2026-04-14T11:06:17.912056,3930,0,0,0,0,0,0,low,0.8,11,Tuesday,QUIET_PERIOD|DEAD_ZONE
2026-04-14T11:06:18.574272,3960,0,1,0,0,0,1,low,0.8,11,Tuesday,QUIET_PERIOD|DEAD_ZONE
2026-04-14T11:06:19.204174,3990,0,0,0,0,0,0,low,0.6,11,Tuesday,QUIET_PERIOD|DEAD_ZONE
2026-04-14T11:06:19.994645,4020,0,0,0,0,0,0,low,0.4,11,Tuesday,QUIET_PERIOD|DEAD_ZONE
2026-04-14T11:06:24.009054,4050,0,0,0,0,0,0,low,0.2,11,Tuesday,QUIET_PERIOD|DEAD_ZONE
2026-04-14T11:06:24.664320,4080,0,1,0,0,0,1,low,0.4,11,Tuesday,QUIET_PERIOD|DEAD_ZONE
2026-04-14T11:06:25.319560,4110,0,2,0,1,0,3,medium,0.8,11,Tuesday,HEAVY_VEHICLE_PEAK
2026-04-14T11:06:25.943004,4140,0,2,0,0,0,2,low,1.2,11,Tuesday,QUIET_PERIOD
2026-04-14T11:06:26.716545,4170,0,0,0,0,0,0,low,1.2,11,Tuesday,QUIET_PERIOD|DEAD_ZONE
2026-04-14T11:06:29.501120,4200,0,0,0,0,0,0,low,1.2,11,Tuesday,QUIET_PERIOD|DEAD_ZONE
2026-04-14T11:06:30.173609,4230,0,0,0,0,0,0,low,1.0,11,Tuesday,QUIET_PERIOD|DEAD_ZONE
2026-04-14T11:06:30.864182,4260,0,0,0,0,0,0,low,0.4,11,Tuesday,QUIET_PERIOD|DEAD_ZONE
2026-04-14T11:06:31.501895,4290,0,0,0,0,0,0,low,0.0,11,Tuesday,QUIET_PERIOD|DEAD_ZONE
2026-04-14T11:06:32.148748,4320,0,0,0,0,0,0,low,0.0,11,Tuesday,QUIET_PERIOD|DEAD_ZONE
2026-04-14T11:06:32.871405,4350,0,0,0,0,0,0,low,0.0,11,Tuesday,QUIET_PERIOD|DEAD_ZONE
2026-04-14T11:06:33.551651,4380,0,0,0,0,0,0,low,0.0,11,Tuesday,QUIET_PERIOD|DEAD_ZONE
2026-04-14T11:06:34.261359,4410,0,0,0,0,0,0,low,0.0,11,Tuesday,QUIET_PERIOD|DEAD_ZONE
2026-04-14T11:06:34.908411,4440,0,0,0,1,0,1,low,0.2,11,Tuesday,HEAVY_VEHICLE_PEAK|QUIET_PERIOD|DEAD_ZONE
2026-04-14T11:06:35.623241,4470,0,0,0,1,0,1,low,0.4,11,Tuesday,HEAVY_VEHICLE_PEAK|QUIET_PERIOD|DEAD_ZONE
2026-04-14T11:06:36.882918,4500,0,0,0,1,0,1,low,0.6,11,Tuesday,HEAVY_VEHICLE_PEAK|QUIET_PERIOD|DEAD_ZONE
2026-04-14T11:06:37.558731,4530,0,0,0,1,0,1,low,0.8,11,Tuesday,HEAVY_VEHICLE_PEAK|QUIET_PERIOD|DEAD_ZONE
2026-04-14T11:06:38.267402,4560,0,0,0,1,0,1,low,1.0,11,Tuesday,HEAVY_VEHICLE_PEAK|QUIET_PERIOD|DEAD_ZONE
2026-04-14T11:06:38.999741,4590,0,0,0,1,0,1,low,1.0,11,Tuesday,HEAVY_VEHICLE_PEAK|QUIET_PERIOD|DEAD_ZONE
2026-04-14T11:06:39.665576,4620,0,0,0,1,0,1,low,1.0,11,Tuesday,HEAVY_VEHICLE_PEAK|QUIET_PERIOD|DEAD_ZONE
2026-04-14T11:06:42.070825,4650,0,0,0,0,0,0,low,0.8,11,Tuesday,QUIET_PERIOD|DEAD_ZONE
2026-04-14T11:06:42.784005,4680,0,0,0,0,0,0,low,0.6,11,Tuesday,QUIET_PERIOD|DEAD_ZONE
2026-04-14T11:06:43.532489,4710,0,0,0,0,0,0,low,0.4,11,Tuesday,QUIET_PERIOD|DEAD_ZONE
2026-04-14T11:06:44.195401,4740,0,1,0,0,0,1,low,0.4,11,Tuesday,QUIET_PERIOD|DEAD_ZONE
2026-04-14T11:06:44.885522,4770,0,1,0,0,0,1,low,0.4,11,Tuesday,QUIET_PERIOD|DEAD_ZONE
2026-04-14T11:06:47.875768,4800,0,1,0,0,0,1,low,0.6,11,Tuesday,QUIET_PERIOD|DEAD_ZONE
2026-04-14T11:06:48.575102,4830,0,1,0,0,0,1,low,0.8,11,Tuesday,QUIET_PERIOD|DEAD_ZONE
2026-04-14T11:06:49.287759,4860,0,2,0,0,0,2,low,1.2,11,Tuesday,QUIET_PERIOD|DEAD_ZONE
2026-04-14T11:06:49.957721,4890,0,2,0,0,0,2,low,1.4,11,Tuesday,QUIET_PERIOD|DEAD_ZONE
2026-04-14T11:06:50.628508,4920,0,4,0,0,0,4,medium,2.0,11,Tuesday,
2026-04-14T11:06:53.049348,4950,0,3,0,0,0,3,medium,2.4,11,Tuesday,
2026-04-14T11:06:53.722217,4980,0,4,0,0,0,4,medium,3.0,11,Tuesday,
2026-04-14T11:06:54.458770,5010,0,5,0,0,0,5,medium,3.6,11,Tuesday,
2026-04-14T11:06:55.186836,5040,0,5,0,0,0,5,medium,4.2,11,Tuesday,SUSTAINED_FLOW
2026-04-14T11:06:55.868063,5070,0,3,0,0,0,3,medium,4.0,11,Tuesday,SUSTAINED_FLOW
2026-04-14T11:06:59.443598,5100,0,3,0,0,0,3,medium,4.0,11,Tuesday,SUSTAINED_FLOW
2026-04-14T11:07:00.157555,5130,0,5,0,0,0,5,medium,4.2,11,Tuesday,SUSTAINED_FLOW
2026-04-14T11:07:00.906144,5160,0,3,0,0,0,3,medium,3.8,11,Tuesday,SUSTAINED_FLOW
2026-04-14T11:07:01.640433,5190,0,3,0,0,0,3,medium,3.4,11,Tuesday,SUSTAINED_FLOW
2026-04-14T11:07:02.316269,5220,0,3,0,0,0,3,medium,3.4,11,Tuesday,SUSTAINED_FLOW
2026-04-14T11:07:05.034191,5250,0,2,0,0,0,2,low,3.2,11,Tuesday,QUIET_PERIOD
2026-04-14T11:07:05.755156,5280,0,1,0,0,0,1,low,2.4,11,Tuesday,QUIET_PERIOD|DEAD_ZONE
2026-04-14T11:07:06.585471,5310,0,1,0,0,0,1,low,2.0,11,Tuesday,QUIET_PERIOD|DEAD_ZONE
2026-04-14T11:07:07.270600,5340,0,3,0,0,0,3,medium,2.0,11,Tuesday,
2026-04-14T11:07:07.923177,5370,0,4,0,0,0,4,medium,2.2,11,Tuesday,
2026-04-14T11:07:08.606578,5400,0,5,0,0,0,5,medium,2.8,11,Tuesday,
2026-04-14T11:07:09.303763,5430,0,5,0,0,0,5,medium,3.6,11,Tuesday,
2026-04-14T11:07:10.029289,5460,0,6,0,0,0,6,medium,4.6,11,Tuesday,SUSTAINED_FLOW
2026-04-14T11:07:10.708567,5490,0,6,0,0,0,6,medium,5.2,11,Tuesday,SUSTAINED_FLOW
2026-04-14T11:07:11.486186,5520,0,6,0,0,0,6,medium,5.6,11,Tuesday,SUSTAINED_FLOW
2026-04-14T11:07:12.578826,5550,0,5,0,0,0,5,medium,5.6,11,Tuesday,SUSTAINED_FLOW
2026-04-14T11:07:13.262181,5580,0,5,0,0,0,5,medium,5.6,11,Tuesday,SUSTAINED_FLOW
2026-04-14T11:07:13.913702,5610,0,6,0,0,0,6,medium,5.6,11,Tuesday,SUSTAINED_FLOW
2026-04-14T11:07:14.563505,5640,0,8,0,0,0,8,medium,6.0,11,Tuesday,SESSION_PEAK
2026-04-14T11:07:15.200600,5670,0,5,0,1,0,6,medium,6.0,11,Tuesday,
2026-04-14T11:07:18.722154,5700,0,4,0,1,0,5,medium,6.0,11,Tuesday,
2026-04-14T11:07:19.355813,5730,0,5,0,1,0,6,medium,6.2,11,Tuesday,
2026-04-14T11:07:20.025798,5760,0,3,0,1,0,4,medium,5.8,11,Tuesday,
2026-04-14T11:07:20.701247,5790,0,4,0,0,0,4,medium,5.0,11,Tuesday,SUSTAINED_FLOW
2026-04-14T11:07:21.391354,5820,0,3,0,0,0,3,medium,4.4,11,Tuesday,SUSTAINED_FLOW
2026-04-14T11:07:24.522559,5850,0,4,0,0,0,4,medium,4.2,11,Tuesday,SUSTAINED_FLOW
2026-04-14T11:07:25.282320,5880,0,4,0,0,0,4,medium,3.8,11,Tuesday,SUSTAINED_FLOW
2026-04-14T11:07:26.128276,5910,0,3,0,0,0,3,medium,3.6,11,Tuesday,SUSTAINED_FLOW
2026-04-14T11:07:26.968093,5940,0,2,0,1,0,3,medium,3.4,11,Tuesday,HEAVY_VEHICLE_PEAK|SUSTAINED_FLOW
2026-04-14T11:07:27.966538,5970,0,4,0,0,0,4,medium,3.6,11,Tuesday,SUSTAINED_FLOW
2026-04-14T11:07:28.938033,6000,0,2,0,0,0,2,low,3.2,11,Tuesday,QUIET_PERIOD
2026-04-14T11:07:29.789668,6030,0,1,0,0,0,1,low,2.6,11,Tuesday,QUIET_PERIOD|DEAD_ZONE
2026-04-14T11:07:30.603351,6060,0,0,0,0,0,0,low,2.0,11,Tuesday,QUIET_PERIOD|DEAD_ZONE
2026-04-14T11:07:31.629427,6090,0,0,0,0,0,0,low,1.4,11,Tuesday,QUIET_PERIOD|DEAD_ZONE
2026-04-14T11:07:32.528364,6120,0,0,0,0,0,0,low,0.6,11,Tuesday,QUIET_PERIOD|DEAD_ZONE
2026-04-14T11:07:33.675018,6150,0,0,0,0,0,0,low,0.2,11,Tuesday,QUIET_PERIOD|DEAD_ZONE
2026-04-14T11:07:34.605079,6180,0,0,0,0,0,0,low,0.0,11,Tuesday,QUIET_PERIOD|DEAD_ZONE
2026-04-14T11:07:35.465608,6210,0,0,0,0,0,0,low,0.0,11,Tuesday,QUIET_PERIOD|DEAD_ZONE
2026-04-14T11:07:36.335073,6240,0,0,0,0,0,0,low,0.0,11,Tuesday,QUIET_PERIOD|DEAD_ZONE
2026-04-14T11:07:37.323423,6270,0,1,0,0,0,1,low,0.2,11,Tuesday,QUIET_PERIOD|DEAD_ZONE
2026-04-14T11:07:38.991014,6300,0,1,0,0,0,1,low,0.4,11,Tuesday,QUIET_PERIOD|DEAD_ZONE
2026-04-14T11:07:39.650910,6330,0,0,0,0,0,0,low,0.4,11,Tuesday,QUIET_PERIOD|DEAD_ZONE
2026-04-14T11:07:40.503978,6360,0,0,0,0,0,0,low,0.4,11,Tuesday,QUIET_PERIOD|DEAD_ZONE
2026-04-14T11:07:41.310953,6390,0,0,0,0,0,0,low,0.4,11,Tuesday,QUIET_PERIOD|DEAD_ZONE
2026-04-14T11:07:42.162395,6420,0,0,0,0,0,0,low,0.2,11,Tuesday,QUIET_PERIOD|DEAD_ZONE
2026-04-14T11:07:42.949356,6450,0,0,0,0,0,0,low,0.0,11,Tuesday,QUIET_PERIOD|DEAD_ZONE
2026-04-14T11:07:43.840713,6480,0,1,0,0,0,1,low,0.2,11,Tuesday,QUIET_PERIOD|DEAD_ZONE
2026-04-14T11:07:44.617958,6510,0,1,0,0,0,1,low,0.4,11,Tuesday,QUIET_PERIOD|DEAD_ZONE
2026-04-14T11:07:45.340341,6540,0,1,0,0,1,2,low,0.8,11,Tuesday,HEAVY_VEHICLE_PEAK|QUIET_PERIOD|DEAD_ZONE
2026-04-14T11:07:46.234912,6570,0,0,0,0,0,0,low,0.8,11,Tuesday,QUIET_PERIOD|DEAD_ZONE
2026-04-14T11:07:47.655535,6600,0,0,0,1,0,1,low,1.0,11,Tuesday,HEAVY_VEHICLE_PEAK|QUIET_PERIOD|DEAD_ZONE
2026-04-14T11:07:48.341012,6630,0,0,0,0,1,1,low,1.0,11,Tuesday,HEAVY_VEHICLE_PEAK|QUIET_PERIOD|DEAD_ZONE
2026-04-14T11:07:49.257489,6660,0,0,0,0,0,0,low,0.8,11,Tuesday,QUIET_PERIOD|DEAD_ZONE
2026-04-14T11:07:50.136024,6690,0,0,0,0,1,1,low,0.6,11,Tuesday,HEAVY_VEHICLE_PEAK|QUIET_PERIOD|DEAD_ZONE
2026-04-14T11:07:51.140554,6720,0,0,0,0,2,2,low,1.0,11,Tuesday,HEAVY_VEHICLE_PEAK|QUIET_PERIOD|DEAD_ZONE
2026-04-14T11:07:53.251190,6750,0,0,0,0,2,2,low,1.2,11,Tuesday,HEAVY_VEHICLE_PEAK|QUIET_PERIOD|DEAD_ZONE
2026-04-14T11:07:54.104260,6780,0,1,0,0,2,3,medium,1.6,11,Tuesday,HEAVY_VEHICLE_PEAK
2026-04-14T11:07:54.903948,6810,0,1,0,0,2,3,medium,2.2,11,Tuesday,HEAVY_VEHICLE_PEAK
2026-04-14T11:07:55.860171,6840,0,0,0,0,2,2,low,2.4,11,Tuesday,HEAVY_VEHICLE_PEAK|QUIET_PERIOD
2026-04-14T11:07:56.639963,6870,0,0,0,0,2,2,low,2.4,11,Tuesday,HEAVY_VEHICLE_PEAK|QUIET_PERIOD|DEAD_ZONE
2026-04-14T11:07:58.607190,6900,0,0,0,0,1,1,low,2.2,11,Tuesday,HEAVY_VEHICLE_PEAK|QUIET_PERIOD|DEAD_ZONE
2026-04-14T11:07:59.295975,6930,0,0,0,0,1,1,low,1.8,11,Tuesday,HEAVY_VEHICLE_PEAK|QUIET_PERIOD|DEAD_ZONE
2026-04-14T11:08:00.068165,6960,0,0,0,0,0,0,low,1.2,11,Tuesday,QUIET_PERIOD|DEAD_ZONE
2026-04-14T11:08:00.969991,6990,0,2,0,0,0,2,low,1.2,11,Tuesday,QUIET_PERIOD|DEAD_ZONE
2026-04-14T11:08:02.153398,7020,0,1,0,0,2,3,medium,1.4,11,Tuesday,HEAVY_VEHICLE_PEAK
2026-04-14T11:08:03.949394,7050,0,2,0,0,0,2,low,1.6,11,Tuesday,QUIET_PERIOD
2026-04-14T11:08:04.771100,7080,0,2,0,0,0,2,low,1.8,11,Tuesday,QUIET_PERIOD|DEAD_ZONE
2026-04-14T11:08:05.547270,7110,0,2,0,0,0,2,low,2.2,11,Tuesday,QUIET_PERIOD|DEAD_ZONE
2026-04-14T11:08:06.309326,7140,0,2,0,0,0,2,low,2.2,11,Tuesday,QUIET_PERIOD|DEAD_ZONE
2026-04-14T11:08:07.216522,7170,0,2,0,0,0,2,low,2.0,11,Tuesday,QUIET_PERIOD|DEAD_ZONE
2026-04-14T11:08:08.053851,7200,0,1,0,0,0,1,low,1.8,11,Tuesday,QUIET_PERIOD|DEAD_ZONE
2026-04-14T11:08:08.867720,7230,0,1,0,0,0,1,low,1.6,11,Tuesday,QUIET_PERIOD|DEAD_ZONE
2026-04-14T11:08:09.558033,7260,0,1,0,0,0,1,low,1.4,11,Tuesday,QUIET_PERIOD|DEAD_ZONE
2026-04-14T11:08:10.454736,7290,0,1,0,0,0,1,low,1.2,11,Tuesday,QUIET_PERIOD|DEAD_ZONE
2026-04-14T11:08:11.288472,7320,0,1,0,0,0,1,low,1.0,11,Tuesday,QUIET_PERIOD|DEAD_ZONE
2026-04-14T11:08:12.396324,7350,0,1,0,0,0,1,low,1.0,11,Tuesday,QUIET_PERIOD|DEAD_ZONE
2026-04-14T11:08:13.219152,7380,0,0,0,0,0,0,low,0.8,11,Tuesday,QUIET_PERIOD|DEAD_ZONE
2026-04-14T11:08:14.017805,7410,0,0,0,0,0,0,low,0.6,11,Tuesday,QUIET_PERIOD|DEAD_ZONE
2026-04-14T11:08:14.733991,7440,0,0,0,0,0,0,low,0.4,11,Tuesday,QUIET_PERIOD|DEAD_ZONE
2026-04-14T11:08:15.526160,7470,0,0,0,0,1,1,low,0.4,11,Tuesday,HEAVY_VEHICLE_PEAK|QUIET_PERIOD|DEAD_ZONE
2026-04-14T11:08:18.694559,7500,0,0,0,0,0,0,low,0.2,11,Tuesday,QUIET_PERIOD|DEAD_ZONE
2026-04-14T11:08:19.487355,7530,0,0,0,0,0,0,low,0.2,11,Tuesday,QUIET_PERIOD|DEAD_ZONE
2026-04-14T11:08:20.686033,7560,0,0,0,0,0,0,low,0.2,11,Tuesday,QUIET_PERIOD|DEAD_ZONE
2026-04-14T11:08:21.545176,7590,0,1,0,0,0,1,low,0.4,11,Tuesday,QUIET_PERIOD|DEAD_ZONE
2026-04-14T11:08:22.580446,7620,0,1,0,0,1,2,low,0.6,11,Tuesday,HEAVY_VEHICLE_PEAK|QUIET_PERIOD|DEAD_ZONE
2026-04-14T11:08:24.702898,7650,0,0,0,0,2,2,low,1.0,11,Tuesday,HEAVY_VEHICLE_PEAK|QUIET_PERIOD|DEAD_ZONE
2026-04-14T11:08:25.364109,7680,0,1,0,0,1,2,low,1.4,11,Tuesday,HEAVY_VEHICLE_PEAK|QUIET_PERIOD|DEAD_ZONE
2026-04-20T14:31:01.324440,30,0,4,0,0,0,4,medium,4.0,14,Monday,SESSION_PEAK
2026-04-20T14:31:02.139973,60,0,2,0,0,0,2,low,3.0,14,Monday,QUIET_PERIOD
2026-04-20T14:31:03.279145,90,0,2,0,0,0,2,low,2.67,14,Monday,QUIET_PERIOD|DEAD_ZONE
2026-04-20T14:31:04.359888,120,0,0,0,0,0,0,low,2.0,14,Monday,QUIET_PERIOD|DEAD_ZONE
2026-04-20T14:31:06.148693,150,0,0,0,0,0,0,low,1.6,14,Monday,QUIET_PERIOD|DEAD_ZONE
2026-04-20T14:31:07.101655,180,0,1,0,0,0,1,low,1.0,14,Monday,QUIET_PERIOD|DEAD_ZONE
2026-04-20T14:31:08.072721,210,0,1,0,0,0,1,low,0.8,14,Monday,QUIET_PERIOD|DEAD_ZONE
2026-04-20T14:31:09.088488,240,0,0,0,0,0,0,low,0.4,14,Monday,QUIET_PERIOD|DEAD_ZONE
2026-04-20T14:31:10.269885,270,0,0,0,0,0,0,low,0.4,14,Monday,QUIET_PERIOD|DEAD_ZONE
2026-04-20T14:31:11.639092,300,0,0,0,0,0,0,low,0.4,14,Monday,QUIET_PERIOD|DEAD_ZONE
2026-04-20T14:31:12.245843,330,0,0,0,0,0,0,low,0.2,14,Monday,QUIET_PERIOD|DEAD_ZONE
2026-04-20T14:31:13.106178,360,0,0,0,0,0,0,low,0.0,14,Monday,QUIET_PERIOD|DEAD_ZONE
2026-04-20T14:31:13.748273,390,0,0,0,0,0,0,low,0.0,14,Monday,QUIET_PERIOD|DEAD_ZONE
2026-04-20T14:31:14.354638,420,0,0,0,0,0,0,low,0.0,14,Monday,QUIET_PERIOD|DEAD_ZONE
2026-04-20T14:31:15.204083,450,0,0,0,0,0,0,low,0.0,14,Monday,QUIET_PERIOD|DEAD_ZONE
2026-04-20T14:31:15.844123,480,0,0,0,0,0,0,low,0.0,14,Monday,QUIET_PERIOD|DEAD_ZONE
2026-04-20T14:31:16.453666,510,0,0,0,0,0,0,low,0.0,14,Monday,QUIET_PERIOD|DEAD_ZONE
2026-04-20T14:31:17.147299,540,0,0,0,0,0,0,low,0.0,14,Monday,QUIET_PERIOD|DEAD_ZONE
2026-04-20T14:31:17.833075,570,0,0,0,0,0,0,low,0.0,14,Monday,QUIET_PERIOD|DEAD_ZONE
2026-04-20T14:31:18.982499,600,0,0,0,0,0,0,low,0.0,14,Monday,QUIET_PERIOD|DEAD_ZONE
2026-04-20T14:31:19.615805,630,0,0,0,0,0,0,low,0.0,14,Monday,QUIET_PERIOD|DEAD_ZONE
2026-04-20T14:31:20.376936,660,0,0,0,0,0,0,low,0.0,14,Monday,QUIET_PERIOD|DEAD_ZONE
2026-04-20T14:31:21.018819,690,0,0,0,0,0,0,low,0.0,14,Monday,QUIET_PERIOD|DEAD_ZONE
2026-04-20T14:31:21.738985,720,0,0,0,0,0,0,low,0.0,14,Monday,QUIET_PERIOD|DEAD_ZONE
2026-04-20T14:31:22.687414,750,0,0,0,0,0,0,low,0.0,14,Monday,QUIET_PERIOD|DEAD_ZONE
2026-04-20T14:31:23.415566,780,0,0,0,0,0,0,low,0.0,14,Monday,QUIET_PERIOD|DEAD_ZONE
2026-04-20T14:31:24.178367,810,0,0,0,0,0,0,low,0.0,14,Monday,QUIET_PERIOD|DEAD_ZONE
2026-04-20T14:31:24.972112,840,0,0,0,0,0,0,low,0.0,14,Monday,QUIET_PERIOD|DEAD_ZONE
2026-04-20T14:31:25.637660,870,0,0,0,0,0,0,low,0.0,14,Monday,QUIET_PERIOD|DEAD_ZONE
2026-04-20T14:31:26.943935,900,0,0,0,0,0,0,low,0.0,14,Monday,QUIET_PERIOD|DEAD_ZONE
2026-04-20T14:31:27.622050,930,0,0,0,0,0,0,low,0.0,14,Monday,QUIET_PERIOD|DEAD_ZONE
2026-04-20T14:31:28.401268,960,0,0,0,0,0,0,low,0.0,14,Monday,QUIET_PERIOD|DEAD_ZONE
2026-04-20T14:31:29.095589,990,0,0,0,0,0,0,low,0.0,14,Monday,QUIET_PERIOD|DEAD_ZONE
2026-04-20T14:31:29.850661,1020,0,0,0,0,0,0,low,0.0,14,Monday,QUIET_PERIOD|DEAD_ZONE
2026-04-20T14:31:30.669626,1050,0,0,0,0,0,0,low,0.0,14,Monday,QUIET_PERIOD|DEAD_ZONE
2026-04-20T14:31:31.429811,1080,0,0,0,0,0,0,low,0.0,14,Monday,QUIET_PERIOD|DEAD_ZONE
2026-04-20T14:31:32.221167,1110,0,1,0,0,0,1,low,0.2,14,Monday,QUIET_PERIOD|DEAD_ZONE
2026-04-20T14:31:32.921589,1140,0,1,0,0,0,1,low,0.4,14,Monday,QUIET_PERIOD|DEAD_ZONE
2026-04-20T14:31:33.640334,1170,0,1,0,0,0,1,low,0.6,14,Monday,QUIET_PERIOD|DEAD_ZONE
2026-04-20T14:31:34.804812,1200,0,1,0,0,0,1,low,0.8,14,Monday,QUIET_PERIOD|DEAD_ZONE
2026-04-20T14:31:35.617598,1230,0,1,0,0,0,1,low,1.0,14,Monday,QUIET_PERIOD|DEAD_ZONE
2026-04-20T14:31:36.373581,1260,0,1,0,0,0,1,low,1.0,14,Monday,QUIET_PERIOD|DEAD_ZONE
2026-04-20T14:31:37.115727,1290,0,0,0,0,0,0,low,0.8,14,Monday,QUIET_PERIOD|DEAD_ZONE
2026-04-20T14:31:37.821345,1320,0,0,0,0,0,0,low,0.6,14,Monday,QUIET_PERIOD|DEAD_ZONE
2026-04-20T14:31:38.616068,1350,0,0,0,0,0,0,low,0.4,14,Monday,QUIET_PERIOD|DEAD_ZONE
2026-04-20T14:31:39.271314,1380,0,0,0,0,0,0,low,0.2,14,Monday,QUIET_PERIOD|DEAD_ZONE
2026-04-20T14:31:39.921772,1410,0,0,0,0,0,0,low,0.0,14,Monday,QUIET_PERIOD|DEAD_ZONE
2026-04-20T14:31:40.621088,1440,0,0,0,0,0,0,low,0.0,14,Monday,QUIET_PERIOD|DEAD_ZONE
2026-04-20T14:31:41.343921,1470,0,0,0,0,0,0,low,0.0,14,Monday,QUIET_PERIOD|DEAD_ZONE
2026-04-20T14:31:42.308518,1500,0,0,0,0,0,0,low,0.0,14,Monday,QUIET_PERIOD|DEAD_ZONE
2026-04-20T14:31:42.996642,1530,0,1,0,0,0,1,low,0.2,14,Monday,QUIET_PERIOD|DEAD_ZONE
2026-04-20T14:31:47.577491,1560,0,1,0,0,0,1,low,0.4,14,Monday,QUIET_PERIOD|DEAD_ZONE
2026-04-20T14:31:48.254100,1590,0,1,0,0,0,1,low,0.6,14,Monday,QUIET_PERIOD|DEAD_ZONE
2026-04-20T14:31:48.923130,1620,0,1,0,0,0,1,low,0.8,14,Monday,QUIET_PERIOD|DEAD_ZONE
2026-04-20T14:31:50.137226,1650,0,1,0,0,0,1,low,1.0,14,Monday,QUIET_PERIOD|DEAD_ZONE
2026-04-20T14:31:50.880704,1680,0,0,0,0,0,0,low,0.8,14,Monday,QUIET_PERIOD|DEAD_ZONE
2026-04-20T14:31:51.541900,1710,0,0,0,0,0,0,low,0.6,14,Monday,QUIET_PERIOD|DEAD_ZONE
2026-04-20T14:31:52.260077,1740,0,0,0,1,0,1,low,0.6,14,Monday,HEAVY_VEHICLE_PEAK|QUIET_PERIOD|DEAD_ZONE
2026-04-20T14:31:52.993772,1770,0,2,0,0,0,2,low,0.8,14,Monday,QUIET_PERIOD|DEAD_ZONE
2026-04-20T14:31:53.828783,1800,0,0,0,0,0,0,low,0.6,14,Monday,QUIET_PERIOD|DEAD_ZONE
2026-04-20T14:31:54.487442,1830,0,0,0,0,0,0,low,0.6,14,Monday,QUIET_PERIOD|DEAD_ZONE
2026-04-20T14:31:55.158163,1860,0,0,0,0,0,0,low,0.6,14,Monday,QUIET_PERIOD|DEAD_ZONE
2026-04-20T14:31:55.873082,1890,0,0,0,0,0,0,low,0.4,14,Monday,QUIET_PERIOD|DEAD_ZONE
2026-04-20T14:31:56.624822,1920,0,0,0,0,0,0,low,0.0,14,Monday,QUIET_PERIOD|DEAD_ZONE
2026-04-20T14:31:57.778137,1950,0,1,0,0,0,1,low,0.2,14,Monday,QUIET_PERIOD|DEAD_ZONE
2026-04-20T14:31:58.594893,1980,0,1,0,0,0,1,low,0.4,14,Monday,QUIET_PERIOD|DEAD_ZONE
2026-04-20T14:31:59.352315,2010,0,3,0,0,0,3,medium,1.0,14,Monday,
2026-04-20T14:31:59.982116,2040,0,3,0,0,0,3,medium,1.6,14,Monday,
2026-04-20T14:32:00.672649,2070,0,4,0,0,0,4,medium,2.4,14,Monday,
2026-04-20T14:32:02.918410,2100,0,4,0,0,0,4,medium,3.0,14,Monday,
2026-04-20T14:32:03.686388,2130,0,5,0,0,0,5,medium,3.8,14,Monday,SUSTAINED_FLOW|SESSION_PEAK
2026-04-20T14:32:04.338885,2160,0,5,0,0,0,5,medium,4.2,14,Monday,SUSTAINED_FLOW
2026-04-20T14:32:04.989498,2190,0,3,0,0,0,3,medium,4.2,14,Monday,SUSTAINED_FLOW
2026-04-20T14:32:05.715477,2220,0,4,0,0,0,4,medium,4.2,14,Monday,SUSTAINED_FLOW
2026-04-20T14:32:08.327286,2250,0,6,0,0,0,6,medium,4.6,14,Monday,SUSTAINED_FLOW|SESSION_PEAK
2026-04-20T14:32:09.039477,2280,0,6,0,0,0,6,medium,4.8,14,Monday,SUSTAINED_FLOW
2026-04-20T14:32:09.738977,2310,0,5,0,0,0,5,medium,4.8,14,Monday,SUSTAINED_FLOW
2026-04-20T14:32:10.486053,2340,0,6,0,1,0,7,medium,5.6,14,Monday,SUSTAINED_FLOW|SESSION_PEAK
2026-04-20T14:32:11.412430,2370,0,5,0,1,0,6,medium,6.0,14,Monday,SUSTAINED_FLOW
2026-04-20T14:32:13.505155,2400,0,4,0,0,0,4,medium,5.6,14,Monday,SUSTAINED_FLOW
2026-04-20T14:32:14.269110,2430,0,6,0,1,0,7,medium,5.8,14,Monday,SUSTAINED_FLOW
2026-04-20T14:32:15.091756,2460,0,6,0,1,0,7,medium,6.2,14,Monday,SUSTAINED_FLOW
2026-04-20T14:32:15.852547,2490,0,8,0,2,0,10,medium,6.8,14,Monday,SESSION_PEAK
2026-04-20T14:32:16.536213,2520,0,6,0,2,0,8,medium,7.2,14,Monday,
2026-04-20T14:32:18.763195,2550,0,6,0,2,0,8,medium,8.0,14,Monday,TRAFFIC_JAM
2026-04-20T14:32:19.477465,2580,0,6,0,2,1,9,medium,8.4,14,Monday,TRAFFIC_JAM|HEAVY_VEHICLE_PEAK|MIXED_TRAFFIC
2026-04-20T14:32:21.342451,2610,0,7,0,3,0,10,medium,9.0,14,Monday,TRAFFIC_JAM|HEAVY_VEHICLE_PEAK
2026-04-20T14:32:22.101475,2640,0,9,0,3,0,12,high,9.4,14,Monday,TRAFFIC_JAM|SESSION_PEAK
2026-04-20T14:49:02.276046,30,0,2,0,0,0,2,low,2.0,14,Monday,QUIET_PERIOD|SESSION_PEAK
2026-04-20T14:49:03.080790,60,0,2,0,0,0,2,low,2.0,14,Monday,QUIET_PERIOD|DEAD_ZONE
2026-04-20T14:49:03.833147,90,0,3,0,0,0,3,medium,2.33,14,Monday,SESSION_PEAK
2026-04-20T14:49:04.605656,120,0,3,0,0,0,3,medium,2.5,14,Monday,
2026-04-20T14:49:05.580485,150,0,4,0,0,0,4,medium,2.8,14,Monday,SESSION_PEAK
2026-04-20T14:49:06.496919,180,0,1,0,0,0,1,low,2.6,14,Monday,QUIET_PERIOD
2026-04-20T14:49:07.293464,210,0,2,0,0,0,2,low,2.6,14,Monday,QUIET_PERIOD|DEAD_ZONE
2026-04-20T14:49:08.094715,240,0,2,0,0,0,2,low,2.4,14,Monday,QUIET_PERIOD|DEAD_ZONE
2026-04-20T14:49:08.866096,270,0,2,0,0,0,2,low,2.2,14,Monday,QUIET_PERIOD|DEAD_ZONE
2026-04-20T14:49:10.105395,300,0,2,0,0,0,2,low,1.8,14,Monday,QUIET_PERIOD|DEAD_ZONE
2026-04-20T14:49:10.833760,330,0,1,0,0,0,1,low,1.8,14,Monday,QUIET_PERIOD|DEAD_ZONE
2026-04-20T14:49:11.610502,360,0,1,0,0,0,1,low,1.6,14,Monday,QUIET_PERIOD|DEAD_ZONE
2026-04-20T14:49:12.461568,390,0,1,0,0,0,1,low,1.4,14,Monday,QUIET_PERIOD|DEAD_ZONE
2026-04-20T14:49:13.273975,420,0,1,0,0,0,1,low,1.2,14,Monday,QUIET_PERIOD|DEAD_ZONE
2026-04-20T14:49:14.179656,450,0,2,0,0,0,2,low,1.2,14,Monday,QUIET_PERIOD|DEAD_ZONE
2026-04-20T14:49:14.953462,480,0,2,0,0,0,2,low,1.4,14,Monday,QUIET_PERIOD|DEAD_ZONE
2026-04-20T14:49:15.845564,510,0,1,0,0,0,1,low,1.4,14,Monday,QUIET_PERIOD|DEAD_ZONE
2026-04-20T14:49:16.625252,540,0,1,0,0,0,1,low,1.4,14,Monday,QUIET_PERIOD|DEAD_ZONE
2026-04-20T14:49:17.405812,570,0,1,0,1,0,2,low,1.6,14,Monday,HEAVY_VEHICLE_PEAK|QUIET_PERIOD|DEAD_ZONE
2026-04-20T14:49:18.675185,600,0,1,0,1,0,2,low,1.6,14,Monday,HEAVY_VEHICLE_PEAK|QUIET_PERIOD|DEAD_ZONE
2026-04-20T14:49:19.534257,630,0,1,0,1,0,2,low,1.6,14,Monday,HEAVY_VEHICLE_PEAK|QUIET_PERIOD|DEAD_ZONE
2026-04-20T14:49:20.388479,660,0,0,0,0,0,0,low,1.4,14,Monday,QUIET_PERIOD|DEAD_ZONE
2026-04-20T14:49:21.449562,690,0,0,0,0,0,0,low,1.2,14,Monday,QUIET_PERIOD|DEAD_ZONE
2026-04-20T14:49:22.323193,720,0,0,0,0,0,0,low,0.8,14,Monday,QUIET_PERIOD|DEAD_ZONE
2026-04-20T14:49:23.204632,750,0,0,0,0,0,0,low,0.4,14,Monday,QUIET_PERIOD|DEAD_ZONE
2026-04-20T14:49:24.060687,780,0,0,0,1,0,1,low,0.2,14,Monday,HEAVY_VEHICLE_PEAK|QUIET_PERIOD|DEAD_ZONE
2026-04-20T14:49:25.026902,810,0,0,0,1,0,1,low,0.4,14,Monday,HEAVY_VEHICLE_PEAK|QUIET_PERIOD|DEAD_ZONE
2026-04-20T14:49:25.864064,840,0,0,0,1,0,1,low,0.6,14,Monday,HEAVY_VEHICLE_PEAK|QUIET_PERIOD|DEAD_ZONE
2026-04-20T14:49:26.693069,870,0,1,0,0,0,1,low,0.8,14,Monday,QUIET_PERIOD|DEAD_ZONE
2026-04-20T14:49:28.036884,900,0,2,0,0,0,2,low,1.2,14,Monday,QUIET_PERIOD|DEAD_ZONE
2026-04-20T14:49:28.910511,930,0,3,0,0,0,3,medium,1.6,14,Monday,
